2025-03-27 14:27:00.829 +01:00 [INF] User profile is available. Using 'C:\Users\HCES\AppData\Local\ASP.NET\DataProtection-Keys' as key repository and Windows DPAPI to encrypt keys at rest.
2025-03-27 14:27:01.193 +01:00 [INF] Now listening on: https://localhost:5271
2025-03-27 14:27:01.257 +01:00 [INF] Application started. Press Ctrl+C to shut down.
2025-03-27 14:27:01.260 +01:00 [INF] Hosting environment: Development
2025-03-27 14:27:01.263 +01:00 [INF] Content root path: C:\Asp.Net_Project\WarehouseApp\WHS\src\WebAPI
2025-03-27 14:27:01.927 +01:00 [INF] Request starting HTTP/2 GET https://localhost:5271/index.html - null null
2025-03-27 14:27:02.089 +01:00 [INF] HTTP GET /index.html responded 200 in 35.8254 ms
2025-03-27 14:27:02.098 +01:00 [INF] Request finished HTTP/2 GET https://localhost:5271/index.html - 200 null text/html;charset=utf-8 176.847ms
2025-03-27 14:27:02.105 +01:00 [INF] Request starting HTTP/2 GET https://localhost:5271/_framework/aspnetcore-browser-refresh.js - null null
2025-03-27 14:27:02.105 +01:00 [INF] Request starting HTTP/2 GET https://localhost:5271/_vs/browserLink - null null
2025-03-27 14:27:02.106 +01:00 [INF] Request starting HTTP/2 GET https://localhost:5271/index.js - null null
2025-03-27 14:27:02.123 +01:00 [INF] Request finished HTTP/2 GET https://localhost:5271/_framework/aspnetcore-browser-refresh.js - 200 16497 application/javascript; charset=utf-8 18.3329ms
2025-03-27 14:27:02.157 +01:00 [INF] HTTP GET /index.js responded 200 in 0.8542 ms
2025-03-27 14:27:02.163 +01:00 [INF] Request finished HTTP/2 GET https://localhost:5271/index.js - 200 null application/javascript;charset=utf-8 58.838ms
2025-03-27 14:27:02.173 +01:00 [INF] Request finished HTTP/2 GET https://localhost:5271/_vs/browserLink - 200 null text/javascript; charset=UTF-8 68.8992ms
2025-03-27 14:27:02.208 +01:00 [INF] Request starting HTTP/2 GET https://localhost:5271/swagger/v1/swagger.json - null null
2025-03-27 14:27:02.241 +01:00 [INF] HTTP GET /swagger/v1/swagger.json responded 200 in 25.9391 ms
2025-03-27 14:27:02.246 +01:00 [INF] Request finished HTTP/2 GET https://localhost:5271/swagger/v1/swagger.json - 200 null application/json;charset=utf-8 38.3013ms
2025-03-27 14:42:18.141 +01:00 [INF] User profile is available. Using 'C:\Users\HCES\AppData\Local\ASP.NET\DataProtection-Keys' as key repository and Windows DPAPI to encrypt keys at rest.
2025-03-27 14:42:18.560 +01:00 [INF] Now listening on: https://localhost:5271
2025-03-27 14:42:18.607 +01:00 [INF] Application started. Press Ctrl+C to shut down.
2025-03-27 14:42:18.611 +01:00 [INF] Hosting environment: Development
2025-03-27 14:42:18.613 +01:00 [INF] Content root path: C:\Asp.Net_Project\WarehouseApp\WHS\src\WebAPI
2025-03-27 14:42:18.952 +01:00 [INF] Request starting HTTP/2 GET https://localhost:5271/index.html - null null
2025-03-27 14:42:19.102 +01:00 [INF] HTTP GET /index.html responded 200 in 34.7553 ms
2025-03-27 14:42:19.115 +01:00 [INF] Request finished HTTP/2 GET https://localhost:5271/index.html - 200 null text/html;charset=utf-8 171.2738ms
2025-03-27 14:42:19.123 +01:00 [INF] Request starting HTTP/2 GET https://localhost:5271/_vs/browserLink - null null
2025-03-27 14:42:19.123 +01:00 [INF] Request starting HTTP/2 GET https://localhost:5271/index.js - null null
2025-03-27 14:42:19.123 +01:00 [INF] Request starting HTTP/2 GET https://localhost:5271/_framework/aspnetcore-browser-refresh.js - null null
2025-03-27 14:42:19.155 +01:00 [INF] HTTP GET /index.js responded 200 in 1.3501 ms
2025-03-27 14:42:19.159 +01:00 [INF] Request finished HTTP/2 GET https://localhost:5271/index.js - 200 null application/javascript;charset=utf-8 36.8923ms
2025-03-27 14:42:19.169 +01:00 [INF] Request finished HTTP/2 GET https://localhost:5271/_framework/aspnetcore-browser-refresh.js - 200 16497 application/javascript; charset=utf-8 47.4303ms
2025-03-27 14:42:19.179 +01:00 [INF] Request finished HTTP/2 GET https://localhost:5271/_vs/browserLink - 200 null text/javascript; charset=UTF-8 57.4439ms
2025-03-27 14:42:19.208 +01:00 [INF] Request starting HTTP/2 GET https://localhost:5271/swagger/v1/swagger.json - null null
2025-03-27 14:42:19.234 +01:00 [INF] HTTP GET /swagger/v1/swagger.json responded 200 in 19.1725 ms
2025-03-27 14:42:19.238 +01:00 [INF] Request finished HTTP/2 GET https://localhost:5271/swagger/v1/swagger.json - 200 null application/json;charset=utf-8 30.2929ms
2025-03-27 14:42:27.998 +01:00 [INF] Request starting HTTP/2 GET https://localhost:5271/api/warehouse/GetAll - null null
2025-03-27 14:42:28.091 +01:00 [INF] Executing endpoint 'WebAPI.Controllers.WarehouseController.GetAll (WebAPI)'
2025-03-27 14:42:28.145 +01:00 [INF] Route matched with {action = "GetAll", controller = "Warehouse"}. Executing controller action with signature System.Threading.Tasks.Task`1[Microsoft.AspNetCore.Mvc.ActionResult`1[System.Collections.Generic.IEnumerable`1[WarehouseDto]]] GetAll(WHS.Application.CQRS.WarehouseCQRS.Queries.GetAllWarehousesQuery) on controller WebAPI.Controllers.WarehouseController (WebAPI).
2025-03-27 14:42:28.330 +01:00 [INF] Executing BadRequestObjectResult, writing value of type 'Microsoft.AspNetCore.Mvc.ValidationProblemDetails'.
2025-03-27 14:42:28.380 +01:00 [INF] Executed action WebAPI.Controllers.WarehouseController.GetAll (WebAPI) in 223.7294ms
2025-03-27 14:42:28.383 +01:00 [INF] Executed endpoint 'WebAPI.Controllers.WarehouseController.GetAll (WebAPI)'
2025-03-27 14:42:28.386 +01:00 [INF] HTTP GET /api/warehouse/GetAll responded 400 in 377.1068 ms
2025-03-27 14:42:28.392 +01:00 [INF] Request finished HTTP/2 GET https://localhost:5271/api/warehouse/GetAll - 400 null application/problem+json; charset=utf-8 393.887ms
2025-03-27 14:42:35.948 +01:00 [INF] Request starting HTTP/2 GET https://localhost:5271/api/warehouse/GetAll?PageNumber=1&PageSize=10 - null null
2025-03-27 14:42:35.958 +01:00 [INF] Executing endpoint 'WebAPI.Controllers.WarehouseController.GetAll (WebAPI)'
2025-03-27 14:42:35.965 +01:00 [INF] Route matched with {action = "GetAll", controller = "Warehouse"}. Executing controller action with signature System.Threading.Tasks.Task`1[Microsoft.AspNetCore.Mvc.ActionResult`1[System.Collections.Generic.IEnumerable`1[WarehouseDto]]] GetAll(WHS.Application.CQRS.WarehouseCQRS.Queries.GetAllWarehousesQuery) on controller WebAPI.Controllers.WarehouseController (WebAPI).
2025-03-27 14:42:36.413 +01:00 [INF] Getting all warehouses
2025-03-27 14:42:37.560 +01:00 [WRN] Sensitive data logging is enabled. Log entries and exception messages may include sensitive application data; this mode should only be enabled during development.
2025-03-27 14:42:37.644 +01:00 [WRN] The foreign key property 'warehouseUser.WarehouseId1' was created in shadow state because a conflicting property with the simple name 'WarehouseId' exists in the entity type, but is either not mapped, is already used for another relationship, or is incompatible with the associated primary key type. See https://aka.ms/efcore-relationships for information on mapping relationships in EF Core.
2025-03-27 14:42:37.706 +01:00 [WRN] No store type was specified for the decimal property 'Price' on entity type 'Product'. This will cause values to be silently truncated if they do not fit in the default precision and scale. Explicitly specify the SQL server column type that can accommodate all the values in 'OnModelCreating' using 'HasColumnType', specify precision and scale using 'HasPrecision', or configure a value converter using 'HasConversion'.
2025-03-27 14:42:37.711 +01:00 [WRN] No store type was specified for the decimal property 'UnitPrice' on entity type 'InventoryItem'. This will cause values to be silently truncated if they do not fit in the default precision and scale. Explicitly specify the SQL server column type that can accommodate all the values in 'OnModelCreating' using 'HasColumnType', specify precision and scale using 'HasPrecision', or configure a value converter using 'HasConversion'.
2025-03-27 14:42:37.714 +01:00 [WRN] No store type was specified for the decimal property 'Price' on entity type 'OrderItem'. This will cause values to be silently truncated if they do not fit in the default precision and scale. Explicitly specify the SQL server column type that can accommodate all the values in 'OnModelCreating' using 'HasColumnType', specify precision and scale using 'HasPrecision', or configure a value converter using 'HasConversion'.
2025-03-27 14:42:39.043 +01:00 [INF] Executed DbCommand (86ms) [Parameters=[], CommandType='"Text"', CommandTimeout='30']
SELECT COUNT(*)
FROM [Warehouses] AS [w]
2025-03-27 14:42:39.136 +01:00 [WRN] The query uses a row limiting operator ('Skip'/'Take') without an 'OrderBy' operator. This may lead to unpredictable results. If the 'Distinct' operator is used after 'OrderBy', then make sure to use the 'OrderBy' operator after 'Distinct' as the ordering would otherwise get erased.
2025-03-27 14:42:39.139 +01:00 [WRN] The query uses a row limiting operator ('Skip'/'Take') without an 'OrderBy' operator. This may lead to unpredictable results. If the 'Distinct' operator is used after 'OrderBy', then make sure to use the 'OrderBy' operator after 'Distinct' as the ordering would otherwise get erased.
2025-03-27 14:42:39.318 +01:00 [INF] Executed DbCommand (49ms) [Parameters=[@__p_0='0', @__p_1='10'], CommandType='"Text"', CommandTimeout='30']
SELECT [w].[WarehouseId], [w].[BranchId], [w].[CountryLocationLocationId], [w].[DutyStationId], [w].[OwnerId], [w].[WarehouseName]
FROM [Warehouses] AS [w]
ORDER BY (SELECT 1)
OFFSET @__p_0 ROWS FETCH NEXT @__p_1 ROWS ONLY
2025-03-27 14:42:39.462 +01:00 [INF] Executing OkObjectResult, writing value of type 'WHS.Application.Common.PageResult`1[[WarehouseDto, WHS.Application, Version=1.0.0.0, Culture=neutral, PublicKeyToken=null]]'.
2025-03-27 14:42:39.509 +01:00 [INF] Executed action WebAPI.Controllers.WarehouseController.GetAll (WebAPI) in 3536.7649ms
2025-03-27 14:42:39.515 +01:00 [INF] Executed endpoint 'WebAPI.Controllers.WarehouseController.GetAll (WebAPI)'
2025-03-27 14:42:39.520 +01:00 [INF] HTTP GET /api/warehouse/GetAll responded 200 in 3564.1432 ms
2025-03-27 14:42:39.534 +01:00 [INF] Request finished HTTP/2 GET https://localhost:5271/api/warehouse/GetAll?PageNumber=1&PageSize=10 - 200 null application/json; charset=utf-8 3585.7463ms
2025-03-27 14:43:07.242 +01:00 [INF] User profile is available. Using 'C:\Users\HCES\AppData\Local\ASP.NET\DataProtection-Keys' as key repository and Windows DPAPI to encrypt keys at rest.
2025-03-27 14:43:07.597 +01:00 [INF] Now listening on: https://localhost:5271
2025-03-27 14:43:07.638 +01:00 [INF] Application started. Press Ctrl+C to shut down.
2025-03-27 14:43:07.639 +01:00 [INF] Hosting environment: Development
2025-03-27 14:43:07.641 +01:00 [INF] Content root path: C:\Asp.Net_Project\WarehouseApp\WHS\src\WebAPI
2025-03-27 14:43:08.942 +01:00 [INF] Request starting HTTP/2 GET https://localhost:5271/index.html - null null
2025-03-27 14:43:09.102 +01:00 [INF] HTTP GET /index.html responded 200 in 30.3487 ms
2025-03-27 14:43:09.112 +01:00 [INF] Request finished HTTP/2 GET https://localhost:5271/index.html - 200 null text/html;charset=utf-8 175.2713ms
2025-03-27 14:43:09.119 +01:00 [INF] Request starting HTTP/2 GET https://localhost:5271/index.js - null null
2025-03-27 14:43:09.119 +01:00 [INF] Request starting HTTP/2 GET https://localhost:5271/_framework/aspnetcore-browser-refresh.js - null null
2025-03-27 14:43:09.119 +01:00 [INF] Request starting HTTP/2 GET https://localhost:5271/_vs/browserLink - null null
2025-03-27 14:43:09.130 +01:00 [INF] HTTP GET /index.js responded 200 in 0.7403 ms
2025-03-27 14:43:09.138 +01:00 [INF] Request finished HTTP/2 GET https://localhost:5271/_framework/aspnetcore-browser-refresh.js - 200 16497 application/javascript; charset=utf-8 18.9962ms
2025-03-27 14:43:09.139 +01:00 [INF] Request finished HTTP/2 GET https://localhost:5271/index.js - 200 null application/javascript;charset=utf-8 20.8299ms
2025-03-27 14:43:09.160 +01:00 [INF] Request finished HTTP/2 GET https://localhost:5271/_vs/browserLink - 200 null text/javascript; charset=UTF-8 41.1357ms
2025-03-27 14:43:09.252 +01:00 [INF] Request starting HTTP/2 GET https://localhost:5271/swagger/v1/swagger.json - null null
2025-03-27 14:43:09.322 +01:00 [INF] HTTP GET /swagger/v1/swagger.json responded 200 in 59.9082 ms
2025-03-27 14:43:09.337 +01:00 [INF] Request finished HTTP/2 GET https://localhost:5271/swagger/v1/swagger.json - 200 null application/json;charset=utf-8 84.7728ms
2025-03-27 14:43:23.864 +01:00 [INF] Request starting HTTP/2 GET https://localhost:5271/api/warehouse/GetAll?PageNumber=1&PageSize=10 - null null
2025-03-27 14:43:23.930 +01:00 [INF] Executing endpoint 'WebAPI.Controllers.WarehouseController.GetAll (WebAPI)'
2025-03-27 14:43:23.998 +01:00 [INF] Route matched with {action = "GetAll", controller = "Warehouse"}. Executing controller action with signature System.Threading.Tasks.Task`1[Microsoft.AspNetCore.Mvc.ActionResult`1[System.Collections.Generic.IEnumerable`1[WarehouseDto]]] GetAll(WHS.Application.CQRS.WarehouseCQRS.Queries.GetAllWarehousesQuery) on controller WebAPI.Controllers.WarehouseController (WebAPI).
2025-03-27 14:43:24.561 +01:00 [INF] Getting all warehouses
2025-03-27 14:43:25.709 +01:00 [WRN] Sensitive data logging is enabled. Log entries and exception messages may include sensitive application data; this mode should only be enabled during development.
2025-03-27 14:43:25.792 +01:00 [WRN] The foreign key property 'warehouseUser.WarehouseId1' was created in shadow state because a conflicting property with the simple name 'WarehouseId' exists in the entity type, but is either not mapped, is already used for another relationship, or is incompatible with the associated primary key type. See https://aka.ms/efcore-relationships for information on mapping relationships in EF Core.
2025-03-27 14:43:25.874 +01:00 [WRN] No store type was specified for the decimal property 'Price' on entity type 'Product'. This will cause values to be silently truncated if they do not fit in the default precision and scale. Explicitly specify the SQL server column type that can accommodate all the values in 'OnModelCreating' using 'HasColumnType', specify precision and scale using 'HasPrecision', or configure a value converter using 'HasConversion'.
2025-03-27 14:43:25.879 +01:00 [WRN] No store type was specified for the decimal property 'UnitPrice' on entity type 'InventoryItem'. This will cause values to be silently truncated if they do not fit in the default precision and scale. Explicitly specify the SQL server column type that can accommodate all the values in 'OnModelCreating' using 'HasColumnType', specify precision and scale using 'HasPrecision', or configure a value converter using 'HasConversion'.
2025-03-27 14:43:25.881 +01:00 [WRN] No store type was specified for the decimal property 'Price' on entity type 'OrderItem'. This will cause values to be silently truncated if they do not fit in the default precision and scale. Explicitly specify the SQL server column type that can accommodate all the values in 'OnModelCreating' using 'HasColumnType', specify precision and scale using 'HasPrecision', or configure a value converter using 'HasConversion'.
2025-03-27 14:43:27.228 +01:00 [INF] Executed DbCommand (81ms) [Parameters=[], CommandType='"Text"', CommandTimeout='30']
SELECT COUNT(*)
FROM [Warehouses] AS [w]
2025-03-27 14:43:27.307 +01:00 [WRN] The query uses a row limiting operator ('Skip'/'Take') without an 'OrderBy' operator. This may lead to unpredictable results. If the 'Distinct' operator is used after 'OrderBy', then make sure to use the 'OrderBy' operator after 'Distinct' as the ordering would otherwise get erased.
2025-03-27 14:43:27.312 +01:00 [WRN] The query uses a row limiting operator ('Skip'/'Take') without an 'OrderBy' operator. This may lead to unpredictable results. If the 'Distinct' operator is used after 'OrderBy', then make sure to use the 'OrderBy' operator after 'Distinct' as the ordering would otherwise get erased.
2025-03-27 14:43:27.475 +01:00 [INF] Executed DbCommand (39ms) [Parameters=[@__p_0='0', @__p_1='10'], CommandType='"Text"', CommandTimeout='30']
SELECT [w].[WarehouseId], [w].[BranchId], [w].[CountryLocationLocationId], [w].[DutyStationId], [w].[OwnerId], [w].[WarehouseName]
FROM [Warehouses] AS [w]
ORDER BY (SELECT 1)
OFFSET @__p_0 ROWS FETCH NEXT @__p_1 ROWS ONLY
2025-03-27 14:43:27.641 +01:00 [INF] Executing OkObjectResult, writing value of type 'WHS.Application.Common.PageResult`1[[WarehouseDto, WHS.Application, Version=1.0.0.0, Culture=neutral, PublicKeyToken=null]]'.
2025-03-27 14:43:27.701 +01:00 [INF] Executed action WebAPI.Controllers.WarehouseController.GetAll (WebAPI) in 3690.2697ms
2025-03-27 14:43:27.705 +01:00 [INF] Executed endpoint 'WebAPI.Controllers.WarehouseController.GetAll (WebAPI)'
2025-03-27 14:43:27.709 +01:00 [INF] HTTP GET /api/warehouse/GetAll responded 200 in 3838.8144 ms
2025-03-27 14:43:27.725 +01:00 [INF] Request finished HTTP/2 GET https://localhost:5271/api/warehouse/GetAll?PageNumber=1&PageSize=10 - 200 null application/json; charset=utf-8 3861.0434ms
2025-03-27 14:47:48.372 +01:00 [INF] User profile is available. Using 'C:\Users\HCES\AppData\Local\ASP.NET\DataProtection-Keys' as key repository and Windows DPAPI to encrypt keys at rest.
2025-03-27 14:47:48.695 +01:00 [INF] Now listening on: https://localhost:5271
2025-03-27 14:47:48.736 +01:00 [INF] Application started. Press Ctrl+C to shut down.
2025-03-27 14:47:48.738 +01:00 [INF] Hosting environment: Development
2025-03-27 14:47:48.739 +01:00 [INF] Content root path: C:\Asp.Net_Project\WarehouseApp\WHS\src\WebAPI
2025-03-27 14:47:49.832 +01:00 [INF] Request starting HTTP/2 GET https://localhost:5271/index.html - null null
2025-03-27 14:47:49.984 +01:00 [INF] HTTP GET /index.html responded 200 in 31.1370 ms
2025-03-27 14:47:49.993 +01:00 [INF] Request finished HTTP/2 GET https://localhost:5271/index.html - 200 null text/html;charset=utf-8 168.0206ms
2025-03-27 14:47:49.999 +01:00 [INF] Request starting HTTP/2 GET https://localhost:5271/_vs/browserLink - null null
2025-03-27 14:47:49.999 +01:00 [INF] Request starting HTTP/2 GET https://localhost:5271/index.js - null null
2025-03-27 14:47:49.999 +01:00 [INF] Request starting HTTP/2 GET https://localhost:5271/_framework/aspnetcore-browser-refresh.js - null null
2025-03-27 14:47:50.019 +01:00 [INF] HTTP GET /index.js responded 200 in 0.7033 ms
2025-03-27 14:47:50.024 +01:00 [INF] Request finished HTTP/2 GET https://localhost:5271/index.js - 200 null application/javascript;charset=utf-8 26.1419ms
2025-03-27 14:47:50.036 +01:00 [INF] Request finished HTTP/2 GET https://localhost:5271/_framework/aspnetcore-browser-refresh.js - 200 16497 application/javascript; charset=utf-8 37.9123ms
2025-03-27 14:47:50.039 +01:00 [INF] Request finished HTTP/2 GET https://localhost:5271/_vs/browserLink - 200 null text/javascript; charset=UTF-8 41.4543ms
2025-03-27 14:47:50.070 +01:00 [INF] Request starting HTTP/2 GET https://localhost:5271/swagger/v1/swagger.json - null null
2025-03-27 14:47:50.103 +01:00 [INF] HTTP GET /swagger/v1/swagger.json responded 200 in 25.4190 ms
2025-03-27 14:47:50.109 +01:00 [INF] Request finished HTTP/2 GET https://localhost:5271/swagger/v1/swagger.json - 200 null application/json;charset=utf-8 38.6517ms
2025-03-27 14:48:14.186 +01:00 [INF] Request starting HTTP/2 GET https://localhost:5271/api/warehouse/GetAll?PageNumber=1&PageSize=10 - null null
2025-03-27 14:48:14.256 +01:00 [INF] Executing endpoint 'WebAPI.Controllers.WarehouseController.GetAll (WebAPI)'
2025-03-27 14:48:14.296 +01:00 [INF] Route matched with {action = "GetAll", controller = "Warehouse"}. Executing controller action with signature System.Threading.Tasks.Task`1[Microsoft.AspNetCore.Mvc.ActionResult`1[System.Collections.Generic.IEnumerable`1[WarehouseDto]]] GetAll(WHS.Application.CQRS.WarehouseCQRS.Queries.GetAllWarehousesQuery) on controller WebAPI.Controllers.WarehouseController (WebAPI).
2025-03-27 14:48:14.835 +01:00 [INF] Getting all warehouses
2025-03-27 14:48:15.964 +01:00 [WRN] Sensitive data logging is enabled. Log entries and exception messages may include sensitive application data; this mode should only be enabled during development.
2025-03-27 14:48:16.047 +01:00 [WRN] The foreign key property 'warehouseUser.WarehouseId1' was created in shadow state because a conflicting property with the simple name 'WarehouseId' exists in the entity type, but is either not mapped, is already used for another relationship, or is incompatible with the associated primary key type. See https://aka.ms/efcore-relationships for information on mapping relationships in EF Core.
2025-03-27 14:48:16.128 +01:00 [WRN] No store type was specified for the decimal property 'Price' on entity type 'Product'. This will cause values to be silently truncated if they do not fit in the default precision and scale. Explicitly specify the SQL server column type that can accommodate all the values in 'OnModelCreating' using 'HasColumnType', specify precision and scale using 'HasPrecision', or configure a value converter using 'HasConversion'.
2025-03-27 14:48:16.131 +01:00 [WRN] No store type was specified for the decimal property 'UnitPrice' on entity type 'InventoryItem'. This will cause values to be silently truncated if they do not fit in the default precision and scale. Explicitly specify the SQL server column type that can accommodate all the values in 'OnModelCreating' using 'HasColumnType', specify precision and scale using 'HasPrecision', or configure a value converter using 'HasConversion'.
2025-03-27 14:48:16.134 +01:00 [WRN] No store type was specified for the decimal property 'Price' on entity type 'OrderItem'. This will cause values to be silently truncated if they do not fit in the default precision and scale. Explicitly specify the SQL server column type that can accommodate all the values in 'OnModelCreating' using 'HasColumnType', specify precision and scale using 'HasPrecision', or configure a value converter using 'HasConversion'.
2025-03-27 14:48:17.424 +01:00 [INF] Executed DbCommand (70ms) [Parameters=[], CommandType='"Text"', CommandTimeout='30']
SELECT COUNT(*)
FROM [Warehouses] AS [w]
2025-03-27 14:48:17.504 +01:00 [WRN] The query uses a row limiting operator ('Skip'/'Take') without an 'OrderBy' operator. This may lead to unpredictable results. If the 'Distinct' operator is used after 'OrderBy', then make sure to use the 'OrderBy' operator after 'Distinct' as the ordering would otherwise get erased.
2025-03-27 14:48:17.510 +01:00 [WRN] The query uses a row limiting operator ('Skip'/'Take') without an 'OrderBy' operator. This may lead to unpredictable results. If the 'Distinct' operator is used after 'OrderBy', then make sure to use the 'OrderBy' operator after 'Distinct' as the ordering would otherwise get erased.
2025-03-27 14:48:17.659 +01:00 [INF] Executed DbCommand (40ms) [Parameters=[@__p_0='0', @__p_1='10'], CommandType='"Text"', CommandTimeout='30']
SELECT [w].[WarehouseId], [w].[BranchId], [w].[CountryLocationLocationId], [w].[DutyStationId], [w].[OwnerId], [w].[WarehouseName]
FROM [Warehouses] AS [w]
ORDER BY (SELECT 1)
OFFSET @__p_0 ROWS FETCH NEXT @__p_1 ROWS ONLY
2025-03-27 14:48:17.811 +01:00 [INF] Executing OkObjectResult, writing value of type 'WHS.Application.Common.PageResult`1[[WarehouseDto, WHS.Application, Version=1.0.0.0, Culture=neutral, PublicKeyToken=null]]'.
2025-03-27 14:48:17.864 +01:00 [INF] Executed action WebAPI.Controllers.WarehouseController.GetAll (WebAPI) in 3558.7825ms
2025-03-27 14:48:17.869 +01:00 [INF] Executed endpoint 'WebAPI.Controllers.WarehouseController.GetAll (WebAPI)'
2025-03-27 14:48:17.872 +01:00 [INF] HTTP GET /api/warehouse/GetAll responded 200 in 3666.9694 ms
2025-03-27 14:48:17.888 +01:00 [INF] Request finished HTTP/2 GET https://localhost:5271/api/warehouse/GetAll?PageNumber=1&PageSize=10 - 200 null application/json; charset=utf-8 3701.6538ms
2025-03-27 15:00:32.972 +01:00 [INF] User profile is available. Using 'C:\Users\HCES\AppData\Local\ASP.NET\DataProtection-Keys' as key repository and Windows DPAPI to encrypt keys at rest.
2025-03-27 15:00:33.348 +01:00 [INF] Now listening on: https://localhost:5271
2025-03-27 15:00:33.391 +01:00 [INF] Application started. Press Ctrl+C to shut down.
2025-03-27 15:00:33.392 +01:00 [INF] Hosting environment: Development
2025-03-27 15:00:33.395 +01:00 [INF] Content root path: C:\Asp.Net_Project\WarehouseApp\WHS\src\WebAPI
2025-03-27 15:00:34.160 +01:00 [INF] Request starting HTTP/2 GET https://localhost:5271/index.html - null null
2025-03-27 15:00:34.297 +01:00 [INF] HTTP GET /index.html responded 200 in 35.5620 ms
2025-03-27 15:00:34.311 +01:00 [INF] Request starting HTTP/2 GET https://localhost:5271/_vs/browserLink - null null
2025-03-27 15:00:34.311 +01:00 [INF] Request starting HTTP/2 GET https://localhost:5271/index.js - null null
2025-03-27 15:00:34.311 +01:00 [INF] Request starting HTTP/2 GET https://localhost:5271/_framework/aspnetcore-browser-refresh.js - null null
2025-03-27 15:00:34.348 +01:00 [INF] Request finished HTTP/2 GET https://localhost:5271/index.html - 200 null text/html;charset=utf-8 162.4702ms
2025-03-27 15:00:34.359 +01:00 [INF] Request finished HTTP/2 GET https://localhost:5271/_framework/aspnetcore-browser-refresh.js - 200 16497 application/javascript; charset=utf-8 49.4408ms
2025-03-27 15:00:34.365 +01:00 [INF] HTTP GET /index.js responded 200 in 0.6545 ms
2025-03-27 15:00:34.369 +01:00 [INF] Request finished HTTP/2 GET https://localhost:5271/_vs/browserLink - 200 null text/javascript; charset=UTF-8 58.1763ms
2025-03-27 15:00:34.371 +01:00 [INF] Request finished HTTP/2 GET https://localhost:5271/index.js - 200 null application/javascript;charset=utf-8 61.3641ms
2025-03-27 15:00:34.397 +01:00 [INF] Request starting HTTP/2 GET https://localhost:5271/swagger/v1/swagger.json - null null
2025-03-27 15:00:34.426 +01:00 [INF] HTTP GET /swagger/v1/swagger.json responded 200 in 20.6899 ms
2025-03-27 15:00:34.431 +01:00 [INF] Request finished HTTP/2 GET https://localhost:5271/swagger/v1/swagger.json - 200 null application/json;charset=utf-8 33.7209ms
2025-03-27 15:00:56.428 +01:00 [INF] Request starting HTTP/1.1 GET https://localhost:5271/api/warehouse/90266a3c-8cec-4a20-8be7-4faf991d9f56 - null null
2025-03-27 15:00:56.450 +01:00 [INF] Authorization failed. These requirements were not met:
ClaimsAuthorizationRequirement:Claim.Type=Nationality and Claim.Value is one of the following values: (German|Spain)
2025-03-27 15:00:56.454 +01:00 [INF] AuthenticationScheme: Identity.Bearer was challenged.
2025-03-27 15:00:56.456 +01:00 [INF] HTTP GET /api/warehouse/90266a3c-8cec-4a20-8be7-4faf991d9f56 responded 401 in 23.2517 ms
2025-03-27 15:00:56.468 +01:00 [INF] Request finished HTTP/1.1 GET https://localhost:5271/api/warehouse/90266a3c-8cec-4a20-8be7-4faf991d9f56 - 401 0 null 40.0875ms
2025-03-27 15:01:13.377 +01:00 [INF] Request starting HTTP/1.1 GET https://localhost:5271/api/warehouse/90266a3c-8cec-4a20-8be7-4faf991d9f56 - null null
2025-03-27 15:01:15.496 +01:00 [INF] Authorization failed. These requirements were not met:
ClaimsAuthorizationRequirement:Claim.Type=Nationality and Claim.Value is one of the following values: (German|Spain)
2025-03-27 15:01:15.499 +01:00 [INF] AuthenticationScheme: Identity.Bearer was challenged.
2025-03-27 15:01:15.501 +01:00 [INF] HTTP GET /api/warehouse/90266a3c-8cec-4a20-8be7-4faf991d9f56 responded 401 in 7.5455 ms
2025-03-27 15:01:17.598 +01:00 [INF] Request finished HTTP/1.1 GET https://localhost:5271/api/warehouse/90266a3c-8cec-4a20-8be7-4faf991d9f56 - 401 0 null 4220.6418ms
2025-03-27 15:02:04.755 +01:00 [INF] Request starting HTTP/1.1 GET https://localhost:5271/api/warehouse/90266a3c-8cec-4a20-8be7-4faf991d9f56 - null null
2025-03-27 15:02:12.971 +01:00 [INF] Authorization failed. These requirements were not met:
ClaimsAuthorizationRequirement:Claim.Type=Nationality and Claim.Value is one of the following values: (German|Spain)
2025-03-27 15:02:12.976 +01:00 [INF] AuthenticationScheme: Identity.Bearer was challenged.
2025-03-27 15:02:12.980 +01:00 [INF] HTTP GET /api/warehouse/90266a3c-8cec-4a20-8be7-4faf991d9f56 responded 401 in 11.2771 ms
2025-03-27 15:04:23.742 +01:00 [INF] User profile is available. Using 'C:\Users\HCES\AppData\Local\ASP.NET\DataProtection-Keys' as key repository and Windows DPAPI to encrypt keys at rest.
2025-03-27 15:04:24.166 +01:00 [INF] Now listening on: https://localhost:5271
2025-03-27 15:04:24.214 +01:00 [INF] Application started. Press Ctrl+C to shut down.
2025-03-27 15:04:24.215 +01:00 [INF] Hosting environment: Development
2025-03-27 15:04:24.218 +01:00 [INF] Content root path: C:\Asp.Net_Project\WarehouseApp\WHS\src\WebAPI
2025-03-27 15:04:24.826 +01:00 [INF] Request starting HTTP/2 GET https://localhost:5271/index.html - null null
2025-03-27 15:04:27.995 +01:00 [INF] HTTP GET /index.html responded 200 in 33.4248 ms
2025-03-27 15:04:28.004 +01:00 [INF] Request finished HTTP/2 GET https://localhost:5271/index.html - 200 null text/html;charset=utf-8 3184.9537ms
2025-03-27 15:04:28.057 +01:00 [INF] Request starting HTTP/2 GET https://localhost:5271/index.js - null null
2025-03-27 15:04:29.624 +01:00 [INF] HTTP GET /index.js responded 200 in 4.6450 ms
2025-03-27 15:04:29.624 +01:00 [INF] Request starting HTTP/2 GET https://localhost:5271/_framework/aspnetcore-browser-refresh.js - null null
2025-03-27 15:04:29.624 +01:00 [INF] Request starting HTTP/2 GET https://localhost:5271/_vs/browserLink - null null
2025-03-27 15:04:29.632 +01:00 [INF] Request finished HTTP/2 GET https://localhost:5271/index.js - 200 null application/javascript;charset=utf-8 1576.0245ms
2025-03-27 15:04:29.648 +01:00 [INF] Request finished HTTP/2 GET https://localhost:5271/_framework/aspnetcore-browser-refresh.js - 200 16497 application/javascript; charset=utf-8 23.6863ms
2025-03-27 15:04:29.674 +01:00 [INF] Request finished HTTP/2 GET https://localhost:5271/_vs/browserLink - 200 null text/javascript; charset=UTF-8 50.2141ms
2025-03-27 15:04:29.790 +01:00 [INF] Request starting HTTP/2 GET https://localhost:5271/swagger/v1/swagger.json - null null
2025-03-27 15:04:30.345 +01:00 [INF] HTTP GET /swagger/v1/swagger.json responded 200 in 15.4488 ms
2025-03-27 15:04:30.353 +01:00 [INF] Request finished HTTP/2 GET https://localhost:5271/swagger/v1/swagger.json - 200 null application/json;charset=utf-8 563.2702ms
2025-03-27 15:04:36.964 +01:00 [INF] Request starting HTTP/1.1 GET https://localhost:5271/api/warehouse/90266a3c-8cec-4a20-8be7-4faf991d9f56 - null null
2025-03-27 15:04:38.930 +01:00 [INF] Authorization failed. These requirements were not met:
ClaimsAuthorizationRequirement:Claim.Type=Nationality and Claim.Value is one of the following values: (German|Spain)
2025-03-27 15:04:38.934 +01:00 [INF] AuthenticationScheme: Identity.Bearer was challenged.
2025-03-27 15:04:38.936 +01:00 [INF] HTTP GET /api/warehouse/90266a3c-8cec-4a20-8be7-4faf991d9f56 responded 401 in 31.3569 ms
2025-03-27 15:04:42.420 +01:00 [INF] Request finished HTTP/1.1 GET https://localhost:5271/api/warehouse/90266a3c-8cec-4a20-8be7-4faf991d9f56 - 401 0 null 5455.9145ms
2025-03-27 15:08:43.781 +01:00 [INF] User profile is available. Using 'C:\Users\HCES\AppData\Local\ASP.NET\DataProtection-Keys' as key repository and Windows DPAPI to encrypt keys at rest.
2025-03-27 15:08:44.191 +01:00 [INF] Now listening on: https://localhost:5271
2025-03-27 15:08:44.245 +01:00 [INF] Application started. Press Ctrl+C to shut down.
2025-03-27 15:08:44.247 +01:00 [INF] Hosting environment: Development
2025-03-27 15:08:44.249 +01:00 [INF] Content root path: C:\Asp.Net_Project\WarehouseApp\WHS\src\WebAPI
2025-03-27 15:08:45.061 +01:00 [INF] Request starting HTTP/2 GET https://localhost:5271/index.html - null null
2025-03-27 15:08:48.300 +01:00 [INF] HTTP GET /index.html responded 200 in 30.5195 ms
2025-03-27 15:08:48.310 +01:00 [INF] Request finished HTTP/2 GET https://localhost:5271/index.html - 200 null text/html;charset=utf-8 3255.3202ms
2025-03-27 15:08:48.338 +01:00 [INF] Request starting HTTP/2 GET https://localhost:5271/index.js - null null
2025-03-27 15:08:48.343 +01:00 [INF] Request starting HTTP/2 GET https://localhost:5271/_framework/aspnetcore-browser-refresh.js - null null
2025-03-27 15:08:49.473 +01:00 [INF] HTTP GET /index.js responded 200 in 1.4457 ms
2025-03-27 15:08:49.535 +01:00 [INF] Request starting HTTP/2 GET https://localhost:5271/_vs/browserLink - null null
2025-03-27 15:08:49.544 +01:00 [INF] Request finished HTTP/2 GET https://localhost:5271/index.js - 200 null application/javascript;charset=utf-8 1207.4159ms
2025-03-27 15:08:49.597 +01:00 [INF] Request finished HTTP/2 GET https://localhost:5271/_framework/aspnetcore-browser-refresh.js - 200 16497 application/javascript; charset=utf-8 1253.9888ms
2025-03-27 15:08:49.639 +01:00 [INF] Request finished HTTP/2 GET https://localhost:5271/_vs/browserLink - 200 null text/javascript; charset=UTF-8 103.6857ms
2025-03-27 15:08:49.747 +01:00 [INF] Request starting HTTP/2 GET https://localhost:5271/swagger/v1/swagger.json - null null
2025-03-27 15:08:50.485 +01:00 [INF] HTTP GET /swagger/v1/swagger.json responded 200 in 15.9198 ms
2025-03-27 15:08:50.494 +01:00 [INF] Request finished HTTP/2 GET https://localhost:5271/swagger/v1/swagger.json - 200 null application/json;charset=utf-8 747.3504ms
2025-03-27 15:09:07.639 +01:00 [INF] Request starting HTTP/2 GET https://localhost:5271/api/warehouse/GetAll?PageNumber=2&PageSize=10 - null null
2025-03-27 15:09:11.736 +01:00 [INF] Executing endpoint 'WebAPI.Controllers.WarehouseController.GetAll (WebAPI)'
2025-03-27 15:09:11.785 +01:00 [INF] Route matched with {action = "GetAll", controller = "Warehouse"}. Executing controller action with signature System.Threading.Tasks.Task`1[Microsoft.AspNetCore.Mvc.ActionResult`1[System.Collections.Generic.IEnumerable`1[WarehouseDto]]] GetAll(WHS.Application.CQRS.WarehouseCQRS.Queries.GetAllWarehousesQuery) on controller WebAPI.Controllers.WarehouseController (WebAPI).
2025-03-27 15:09:12.340 +01:00 [INF] Getting all warehouses
2025-03-27 15:09:13.508 +01:00 [WRN] Sensitive data logging is enabled. Log entries and exception messages may include sensitive application data; this mode should only be enabled during development.
2025-03-27 15:09:13.594 +01:00 [WRN] The foreign key property 'warehouseUser.WarehouseId1' was created in shadow state because a conflicting property with the simple name 'WarehouseId' exists in the entity type, but is either not mapped, is already used for another relationship, or is incompatible with the associated primary key type. See https://aka.ms/efcore-relationships for information on mapping relationships in EF Core.
2025-03-27 15:09:13.669 +01:00 [WRN] No store type was specified for the decimal property 'Price' on entity type 'Product'. This will cause values to be silently truncated if they do not fit in the default precision and scale. Explicitly specify the SQL server column type that can accommodate all the values in 'OnModelCreating' using 'HasColumnType', specify precision and scale using 'HasPrecision', or configure a value converter using 'HasConversion'.
2025-03-27 15:09:13.674 +01:00 [WRN] No store type was specified for the decimal property 'UnitPrice' on entity type 'InventoryItem'. This will cause values to be silently truncated if they do not fit in the default precision and scale. Explicitly specify the SQL server column type that can accommodate all the values in 'OnModelCreating' using 'HasColumnType', specify precision and scale using 'HasPrecision', or configure a value converter using 'HasConversion'.
2025-03-27 15:09:13.678 +01:00 [WRN] No store type was specified for the decimal property 'Price' on entity type 'OrderItem'. This will cause values to be silently truncated if they do not fit in the default precision and scale. Explicitly specify the SQL server column type that can accommodate all the values in 'OnModelCreating' using 'HasColumnType', specify precision and scale using 'HasPrecision', or configure a value converter using 'HasConversion'.
2025-03-27 15:09:15.009 +01:00 [ERR] An error occurred using the connection to database 'WHSX' on server '.'.
2025-03-27 15:09:15.077 +01:00 [ERR] An exception occurred while iterating over the results of a query for context type 'WarehouseDbContext'.
System.InvalidOperationException: An exception has been raised that is likely due to a transient failure. Consider enabling transient error resiliency by adding 'EnableRetryOnFailure' to the 'UseSqlServer' call.
 ---> Microsoft.Data.SqlClient.SqlException (0x80131904): Cannot open database "WHSX" requested by the login. The login failed.
Login failed for user 'DESKTOP-7DEM3O3\HCES'.
   at Microsoft.Data.SqlClient.SqlInternalConnection.OnError(SqlException exception, Boolean breakConnection, Action`1 wrapCloseInAction)
   at Microsoft.Data.SqlClient.TdsParser.ThrowExceptionAndWarning(TdsParserStateObject stateObj, Boolean callerHasConnectionLock, Boolean asyncClose)
   at Microsoft.Data.SqlClient.TdsParser.TryRun(RunBehavior runBehavior, SqlCommand cmdHandler, SqlDataReader dataStream, BulkCopySimpleResultSet bulkCopyHandler, TdsParserStateObject stateObj, Boolean& dataReady)
   at Microsoft.Data.SqlClient.TdsParser.Run(RunBehavior runBehavior, SqlCommand cmdHandler, SqlDataReader dataStream, BulkCopySimpleResultSet bulkCopyHandler, TdsParserStateObject stateObj)
   at Microsoft.Data.SqlClient.SqlInternalConnectionTds.CompleteLogin(Boolean enlistOK)
   at Microsoft.Data.SqlClient.SqlInternalConnectionTds.AttemptOneLogin(ServerInfo serverInfo, String newPassword, SecureString newSecurePassword, Boolean ignoreSniOpenTimeout, TimeoutTimer timeout, Boolean withFailover)
   at Microsoft.Data.SqlClient.SqlInternalConnectionTds.LoginNoFailover(ServerInfo serverInfo, String newPassword, SecureString newSecurePassword, Boolean redirectedUserInstance, SqlConnectionString connectionOptions, SqlCredential credential, TimeoutTimer timeout)
   at Microsoft.Data.SqlClient.SqlInternalConnectionTds.OpenLoginEnlist(TimeoutTimer timeout, SqlConnectionString connectionOptions, SqlCredential credential, String newPassword, SecureString newSecurePassword, Boolean redirectedUserInstance)
   at Microsoft.Data.SqlClient.SqlInternalConnectionTds..ctor(DbConnectionPoolIdentity identity, SqlConnectionString connectionOptions, SqlCredential credential, Object providerInfo, String newPassword, SecureString newSecurePassword, Boolean redirectedUserInstance, SqlConnectionString userConnectionOptions, SessionData reconnectSessionData, Boolean applyTransientFaultHandling, String accessToken, DbConnectionPool pool)
   at Microsoft.Data.SqlClient.SqlConnectionFactory.CreateConnection(DbConnectionOptions options, DbConnectionPoolKey poolKey, Object poolGroupProviderInfo, DbConnectionPool pool, DbConnection owningConnection, DbConnectionOptions userOptions)
   at Microsoft.Data.ProviderBase.DbConnectionFactory.CreatePooledConnection(DbConnectionPool pool, DbConnection owningObject, DbConnectionOptions options, DbConnectionPoolKey poolKey, DbConnectionOptions userOptions)
   at Microsoft.Data.ProviderBase.DbConnectionPool.CreateObject(DbConnection owningObject, DbConnectionOptions userOptions, DbConnectionInternal oldConnection)
   at Microsoft.Data.ProviderBase.DbConnectionPool.UserCreateRequest(DbConnection owningObject, DbConnectionOptions userOptions, DbConnectionInternal oldConnection)
   at Microsoft.Data.ProviderBase.DbConnectionPool.TryGetConnection(DbConnection owningObject, UInt32 waitForMultipleObjectsTimeout, Boolean allowCreate, Boolean onlyOneCheckConnection, DbConnectionOptions userOptions, DbConnectionInternal& connection)
   at Microsoft.Data.ProviderBase.DbConnectionPool.WaitForPendingOpen()
--- End of stack trace from previous location ---
   at Microsoft.EntityFrameworkCore.Storage.RelationalConnection.OpenInternalAsync(Boolean errorsExpected, CancellationToken cancellationToken)
   at Microsoft.EntityFrameworkCore.Storage.RelationalConnection.OpenInternalAsync(Boolean errorsExpected, CancellationToken cancellationToken)
   at Microsoft.EntityFrameworkCore.Storage.RelationalConnection.OpenAsync(CancellationToken cancellationToken, Boolean errorsExpected)
   at Microsoft.EntityFrameworkCore.Storage.RelationalCommand.ExecuteReaderAsync(RelationalCommandParameterObject parameterObject, CancellationToken cancellationToken)
   at Microsoft.EntityFrameworkCore.Query.Internal.SingleQueryingEnumerable`1.AsyncEnumerator.InitializeReaderAsync(AsyncEnumerator enumerator, CancellationToken cancellationToken)
   at Microsoft.EntityFrameworkCore.SqlServer.Storage.Internal.SqlServerExecutionStrategy.ExecuteAsync[TState,TResult](TState state, Func`4 operation, Func`4 verifySucceeded, CancellationToken cancellationToken)
ClientConnectionId:64b3253d-0bf1-4fc6-81d7-0aa10d1cac3e
Error Number:4060,State:1,Class:11
   --- End of inner exception stack trace ---
   at Microsoft.EntityFrameworkCore.SqlServer.Storage.Internal.SqlServerExecutionStrategy.ExecuteAsync[TState,TResult](TState state, Func`4 operation, Func`4 verifySucceeded, CancellationToken cancellationToken)
   at Microsoft.EntityFrameworkCore.Query.Internal.SingleQueryingEnumerable`1.AsyncEnumerator.MoveNextAsync()
System.InvalidOperationException: An exception has been raised that is likely due to a transient failure. Consider enabling transient error resiliency by adding 'EnableRetryOnFailure' to the 'UseSqlServer' call.
 ---> Microsoft.Data.SqlClient.SqlException (0x80131904): Cannot open database "WHSX" requested by the login. The login failed.
Login failed for user 'DESKTOP-7DEM3O3\HCES'.
   at Microsoft.Data.SqlClient.SqlInternalConnection.OnError(SqlException exception, Boolean breakConnection, Action`1 wrapCloseInAction)
   at Microsoft.Data.SqlClient.TdsParser.ThrowExceptionAndWarning(TdsParserStateObject stateObj, Boolean callerHasConnectionLock, Boolean asyncClose)
   at Microsoft.Data.SqlClient.TdsParser.TryRun(RunBehavior runBehavior, SqlCommand cmdHandler, SqlDataReader dataStream, BulkCopySimpleResultSet bulkCopyHandler, TdsParserStateObject stateObj, Boolean& dataReady)
   at Microsoft.Data.SqlClient.TdsParser.Run(RunBehavior runBehavior, SqlCommand cmdHandler, SqlDataReader dataStream, BulkCopySimpleResultSet bulkCopyHandler, TdsParserStateObject stateObj)
   at Microsoft.Data.SqlClient.SqlInternalConnectionTds.CompleteLogin(Boolean enlistOK)
   at Microsoft.Data.SqlClient.SqlInternalConnectionTds.AttemptOneLogin(ServerInfo serverInfo, String newPassword, SecureString newSecurePassword, Boolean ignoreSniOpenTimeout, TimeoutTimer timeout, Boolean withFailover)
   at Microsoft.Data.SqlClient.SqlInternalConnectionTds.LoginNoFailover(ServerInfo serverInfo, String newPassword, SecureString newSecurePassword, Boolean redirectedUserInstance, SqlConnectionString connectionOptions, SqlCredential credential, TimeoutTimer timeout)
   at Microsoft.Data.SqlClient.SqlInternalConnectionTds.OpenLoginEnlist(TimeoutTimer timeout, SqlConnectionString connectionOptions, SqlCredential credential, String newPassword, SecureString newSecurePassword, Boolean redirectedUserInstance)
   at Microsoft.Data.SqlClient.SqlInternalConnectionTds..ctor(DbConnectionPoolIdentity identity, SqlConnectionString connectionOptions, SqlCredential credential, Object providerInfo, String newPassword, SecureString newSecurePassword, Boolean redirectedUserInstance, SqlConnectionString userConnectionOptions, SessionData reconnectSessionData, Boolean applyTransientFaultHandling, String accessToken, DbConnectionPool pool)
   at Microsoft.Data.SqlClient.SqlConnectionFactory.CreateConnection(DbConnectionOptions options, DbConnectionPoolKey poolKey, Object poolGroupProviderInfo, DbConnectionPool pool, DbConnection owningConnection, DbConnectionOptions userOptions)
   at Microsoft.Data.ProviderBase.DbConnectionFactory.CreatePooledConnection(DbConnectionPool pool, DbConnection owningObject, DbConnectionOptions options, DbConnectionPoolKey poolKey, DbConnectionOptions userOptions)
   at Microsoft.Data.ProviderBase.DbConnectionPool.CreateObject(DbConnection owningObject, DbConnectionOptions userOptions, DbConnectionInternal oldConnection)
   at Microsoft.Data.ProviderBase.DbConnectionPool.UserCreateRequest(DbConnection owningObject, DbConnectionOptions userOptions, DbConnectionInternal oldConnection)
   at Microsoft.Data.ProviderBase.DbConnectionPool.TryGetConnection(DbConnection owningObject, UInt32 waitForMultipleObjectsTimeout, Boolean allowCreate, Boolean onlyOneCheckConnection, DbConnectionOptions userOptions, DbConnectionInternal& connection)
   at Microsoft.Data.ProviderBase.DbConnectionPool.WaitForPendingOpen()
--- End of stack trace from previous location ---
   at Microsoft.EntityFrameworkCore.Storage.RelationalConnection.OpenInternalAsync(Boolean errorsExpected, CancellationToken cancellationToken)
   at Microsoft.EntityFrameworkCore.Storage.RelationalConnection.OpenInternalAsync(Boolean errorsExpected, CancellationToken cancellationToken)
   at Microsoft.EntityFrameworkCore.Storage.RelationalConnection.OpenAsync(CancellationToken cancellationToken, Boolean errorsExpected)
   at Microsoft.EntityFrameworkCore.Storage.RelationalCommand.ExecuteReaderAsync(RelationalCommandParameterObject parameterObject, CancellationToken cancellationToken)
   at Microsoft.EntityFrameworkCore.Query.Internal.SingleQueryingEnumerable`1.AsyncEnumerator.InitializeReaderAsync(AsyncEnumerator enumerator, CancellationToken cancellationToken)
   at Microsoft.EntityFrameworkCore.SqlServer.Storage.Internal.SqlServerExecutionStrategy.ExecuteAsync[TState,TResult](TState state, Func`4 operation, Func`4 verifySucceeded, CancellationToken cancellationToken)
ClientConnectionId:64b3253d-0bf1-4fc6-81d7-0aa10d1cac3e
Error Number:4060,State:1,Class:11
   --- End of inner exception stack trace ---
   at Microsoft.EntityFrameworkCore.SqlServer.Storage.Internal.SqlServerExecutionStrategy.ExecuteAsync[TState,TResult](TState state, Func`4 operation, Func`4 verifySucceeded, CancellationToken cancellationToken)
   at Microsoft.EntityFrameworkCore.Query.Internal.SingleQueryingEnumerable`1.AsyncEnumerator.MoveNextAsync()
2025-03-27 15:09:15.569 +01:00 [ERR] An error occurred while retrieving warehouses.
System.ApplicationException: Error occurred while fetching warehouses.
 ---> System.InvalidOperationException: An exception has been raised that is likely due to a transient failure. Consider enabling transient error resiliency by adding 'EnableRetryOnFailure' to the 'UseSqlServer' call.
 ---> Microsoft.Data.SqlClient.SqlException (0x80131904): Cannot open database "WHSX" requested by the login. The login failed.
Login failed for user 'DESKTOP-7DEM3O3\HCES'.
   at Microsoft.Data.SqlClient.SqlInternalConnection.OnError(SqlException exception, Boolean breakConnection, Action`1 wrapCloseInAction)
   at Microsoft.Data.SqlClient.TdsParser.ThrowExceptionAndWarning(TdsParserStateObject stateObj, Boolean callerHasConnectionLock, Boolean asyncClose)
   at Microsoft.Data.SqlClient.TdsParser.TryRun(RunBehavior runBehavior, SqlCommand cmdHandler, SqlDataReader dataStream, BulkCopySimpleResultSet bulkCopyHandler, TdsParserStateObject stateObj, Boolean& dataReady)
   at Microsoft.Data.SqlClient.TdsParser.Run(RunBehavior runBehavior, SqlCommand cmdHandler, SqlDataReader dataStream, BulkCopySimpleResultSet bulkCopyHandler, TdsParserStateObject stateObj)
   at Microsoft.Data.SqlClient.SqlInternalConnectionTds.CompleteLogin(Boolean enlistOK)
   at Microsoft.Data.SqlClient.SqlInternalConnectionTds.AttemptOneLogin(ServerInfo serverInfo, String newPassword, SecureString newSecurePassword, Boolean ignoreSniOpenTimeout, TimeoutTimer timeout, Boolean withFailover)
   at Microsoft.Data.SqlClient.SqlInternalConnectionTds.LoginNoFailover(ServerInfo serverInfo, String newPassword, SecureString newSecurePassword, Boolean redirectedUserInstance, SqlConnectionString connectionOptions, SqlCredential credential, TimeoutTimer timeout)
   at Microsoft.Data.SqlClient.SqlInternalConnectionTds.OpenLoginEnlist(TimeoutTimer timeout, SqlConnectionString connectionOptions, SqlCredential credential, String newPassword, SecureString newSecurePassword, Boolean redirectedUserInstance)
   at Microsoft.Data.SqlClient.SqlInternalConnectionTds..ctor(DbConnectionPoolIdentity identity, SqlConnectionString connectionOptions, SqlCredential credential, Object providerInfo, String newPassword, SecureString newSecurePassword, Boolean redirectedUserInstance, SqlConnectionString userConnectionOptions, SessionData reconnectSessionData, Boolean applyTransientFaultHandling, String accessToken, DbConnectionPool pool)
   at Microsoft.Data.SqlClient.SqlConnectionFactory.CreateConnection(DbConnectionOptions options, DbConnectionPoolKey poolKey, Object poolGroupProviderInfo, DbConnectionPool pool, DbConnection owningConnection, DbConnectionOptions userOptions)
   at Microsoft.Data.ProviderBase.DbConnectionFactory.CreatePooledConnection(DbConnectionPool pool, DbConnection owningObject, DbConnectionOptions options, DbConnectionPoolKey poolKey, DbConnectionOptions userOptions)
   at Microsoft.Data.ProviderBase.DbConnectionPool.CreateObject(DbConnection owningObject, DbConnectionOptions userOptions, DbConnectionInternal oldConnection)
   at Microsoft.Data.ProviderBase.DbConnectionPool.UserCreateRequest(DbConnection owningObject, DbConnectionOptions userOptions, DbConnectionInternal oldConnection)
   at Microsoft.Data.ProviderBase.DbConnectionPool.TryGetConnection(DbConnection owningObject, UInt32 waitForMultipleObjectsTimeout, Boolean allowCreate, Boolean onlyOneCheckConnection, DbConnectionOptions userOptions, DbConnectionInternal& connection)
   at Microsoft.Data.ProviderBase.DbConnectionPool.WaitForPendingOpen()
--- End of stack trace from previous location ---
   at Microsoft.EntityFrameworkCore.Storage.RelationalConnection.OpenInternalAsync(Boolean errorsExpected, CancellationToken cancellationToken)
   at Microsoft.EntityFrameworkCore.Storage.RelationalConnection.OpenInternalAsync(Boolean errorsExpected, CancellationToken cancellationToken)
   at Microsoft.EntityFrameworkCore.Storage.RelationalConnection.OpenAsync(CancellationToken cancellationToken, Boolean errorsExpected)
   at Microsoft.EntityFrameworkCore.Storage.RelationalCommand.ExecuteReaderAsync(RelationalCommandParameterObject parameterObject, CancellationToken cancellationToken)
   at Microsoft.EntityFrameworkCore.Query.Internal.SingleQueryingEnumerable`1.AsyncEnumerator.InitializeReaderAsync(AsyncEnumerator enumerator, CancellationToken cancellationToken)
   at Microsoft.EntityFrameworkCore.SqlServer.Storage.Internal.SqlServerExecutionStrategy.ExecuteAsync[TState,TResult](TState state, Func`4 operation, Func`4 verifySucceeded, CancellationToken cancellationToken)
ClientConnectionId:64b3253d-0bf1-4fc6-81d7-0aa10d1cac3e
Error Number:4060,State:1,Class:11
   --- End of inner exception stack trace ---
   at Microsoft.EntityFrameworkCore.SqlServer.Storage.Internal.SqlServerExecutionStrategy.ExecuteAsync[TState,TResult](TState state, Func`4 operation, Func`4 verifySucceeded, CancellationToken cancellationToken)
   at Microsoft.EntityFrameworkCore.Query.Internal.SingleQueryingEnumerable`1.AsyncEnumerator.MoveNextAsync()
   at Microsoft.EntityFrameworkCore.Query.ShapedQueryCompilingExpressionVisitor.SingleAsync[TSource](IAsyncEnumerable`1 asyncEnumerable, CancellationToken cancellationToken)
   at Microsoft.EntityFrameworkCore.Query.ShapedQueryCompilingExpressionVisitor.SingleAsync[TSource](IAsyncEnumerable`1 asyncEnumerable, CancellationToken cancellationToken)
   at WHS.Infrastructure.Repositories.WarehouseRepository.GetAllMatchingAsync(String searchPhrase, Int32 pageSize, Int32 pageNumber, String sortBy, SortDirection sortDirection) in C:\Asp.Net_Project\WarehouseApp\WHS\src\WHS.Infrastructure\Repositories\WarehouseRepository.cs:line 49
   --- End of inner exception stack trace ---
   at WHS.Infrastructure.Repositories.WarehouseRepository.GetAllMatchingAsync(String searchPhrase, Int32 pageSize, Int32 pageNumber, String sortBy, SortDirection sortDirection) in C:\Asp.Net_Project\WarehouseApp\WHS\src\WHS.Infrastructure\Repositories\WarehouseRepository.cs:line 75
   at WHS.Application.CQRS.WarehouseCQRS.Queries.GetAllWarehousesQueryHandler.Handle(GetAllWarehousesQuery request, CancellationToken cancellationToken) in C:\Asp.Net_Project\WarehouseApp\WHS\src\WHS.Application\CQRS\WarehouseCQRS\Queries\GetAllWarehousesQuery.cs:line 27
2025-03-27 15:09:24.045 +01:00 [INF] Executed action WebAPI.Controllers.WarehouseController.GetAll (WebAPI) in 12249.7132ms
2025-03-27 15:09:24.048 +01:00 [INF] Executed endpoint 'WebAPI.Controllers.WarehouseController.GetAll (WebAPI)'
2025-03-27 15:09:24.051 +01:00 [ERR] HTTP GET /api/warehouse/GetAll responded 500 in 12395.8779 ms
System.ApplicationException: An error occurred while retrieving warehouses.
 ---> System.ApplicationException: Error occurred while fetching warehouses.
 ---> System.InvalidOperationException: An exception has been raised that is likely due to a transient failure. Consider enabling transient error resiliency by adding 'EnableRetryOnFailure' to the 'UseSqlServer' call.
 ---> Microsoft.Data.SqlClient.SqlException (0x80131904): Cannot open database "WHSX" requested by the login. The login failed.
Login failed for user 'DESKTOP-7DEM3O3\HCES'.
   at Microsoft.Data.SqlClient.SqlInternalConnection.OnError(SqlException exception, Boolean breakConnection, Action`1 wrapCloseInAction)
   at Microsoft.Data.SqlClient.TdsParser.ThrowExceptionAndWarning(TdsParserStateObject stateObj, Boolean callerHasConnectionLock, Boolean asyncClose)
   at Microsoft.Data.SqlClient.TdsParser.TryRun(RunBehavior runBehavior, SqlCommand cmdHandler, SqlDataReader dataStream, BulkCopySimpleResultSet bulkCopyHandler, TdsParserStateObject stateObj, Boolean& dataReady)
   at Microsoft.Data.SqlClient.TdsParser.Run(RunBehavior runBehavior, SqlCommand cmdHandler, SqlDataReader dataStream, BulkCopySimpleResultSet bulkCopyHandler, TdsParserStateObject stateObj)
   at Microsoft.Data.SqlClient.SqlInternalConnectionTds.CompleteLogin(Boolean enlistOK)
   at Microsoft.Data.SqlClient.SqlInternalConnectionTds.AttemptOneLogin(ServerInfo serverInfo, String newPassword, SecureString newSecurePassword, Boolean ignoreSniOpenTimeout, TimeoutTimer timeout, Boolean withFailover)
   at Microsoft.Data.SqlClient.SqlInternalConnectionTds.LoginNoFailover(ServerInfo serverInfo, String newPassword, SecureString newSecurePassword, Boolean redirectedUserInstance, SqlConnectionString connectionOptions, SqlCredential credential, TimeoutTimer timeout)
   at Microsoft.Data.SqlClient.SqlInternalConnectionTds.OpenLoginEnlist(TimeoutTimer timeout, SqlConnectionString connectionOptions, SqlCredential credential, String newPassword, SecureString newSecurePassword, Boolean redirectedUserInstance)
   at Microsoft.Data.SqlClient.SqlInternalConnectionTds..ctor(DbConnectionPoolIdentity identity, SqlConnectionString connectionOptions, SqlCredential credential, Object providerInfo, String newPassword, SecureString newSecurePassword, Boolean redirectedUserInstance, SqlConnectionString userConnectionOptions, SessionData reconnectSessionData, Boolean applyTransientFaultHandling, String accessToken, DbConnectionPool pool)
   at Microsoft.Data.SqlClient.SqlConnectionFactory.CreateConnection(DbConnectionOptions options, DbConnectionPoolKey poolKey, Object poolGroupProviderInfo, DbConnectionPool pool, DbConnection owningConnection, DbConnectionOptions userOptions)
   at Microsoft.Data.ProviderBase.DbConnectionFactory.CreatePooledConnection(DbConnectionPool pool, DbConnection owningObject, DbConnectionOptions options, DbConnectionPoolKey poolKey, DbConnectionOptions userOptions)
   at Microsoft.Data.ProviderBase.DbConnectionPool.CreateObject(DbConnection owningObject, DbConnectionOptions userOptions, DbConnectionInternal oldConnection)
   at Microsoft.Data.ProviderBase.DbConnectionPool.UserCreateRequest(DbConnection owningObject, DbConnectionOptions userOptions, DbConnectionInternal oldConnection)
   at Microsoft.Data.ProviderBase.DbConnectionPool.TryGetConnection(DbConnection owningObject, UInt32 waitForMultipleObjectsTimeout, Boolean allowCreate, Boolean onlyOneCheckConnection, DbConnectionOptions userOptions, DbConnectionInternal& connection)
   at Microsoft.Data.ProviderBase.DbConnectionPool.WaitForPendingOpen()
--- End of stack trace from previous location ---
   at Microsoft.EntityFrameworkCore.Storage.RelationalConnection.OpenInternalAsync(Boolean errorsExpected, CancellationToken cancellationToken)
   at Microsoft.EntityFrameworkCore.Storage.RelationalConnection.OpenInternalAsync(Boolean errorsExpected, CancellationToken cancellationToken)
   at Microsoft.EntityFrameworkCore.Storage.RelationalConnection.OpenAsync(CancellationToken cancellationToken, Boolean errorsExpected)
   at Microsoft.EntityFrameworkCore.Storage.RelationalCommand.ExecuteReaderAsync(RelationalCommandParameterObject parameterObject, CancellationToken cancellationToken)
   at Microsoft.EntityFrameworkCore.Query.Internal.SingleQueryingEnumerable`1.AsyncEnumerator.InitializeReaderAsync(AsyncEnumerator enumerator, CancellationToken cancellationToken)
   at Microsoft.EntityFrameworkCore.SqlServer.Storage.Internal.SqlServerExecutionStrategy.ExecuteAsync[TState,TResult](TState state, Func`4 operation, Func`4 verifySucceeded, CancellationToken cancellationToken)
ClientConnectionId:64b3253d-0bf1-4fc6-81d7-0aa10d1cac3e
Error Number:4060,State:1,Class:11
   --- End of inner exception stack trace ---
   at Microsoft.EntityFrameworkCore.SqlServer.Storage.Internal.SqlServerExecutionStrategy.ExecuteAsync[TState,TResult](TState state, Func`4 operation, Func`4 verifySucceeded, CancellationToken cancellationToken)
   at Microsoft.EntityFrameworkCore.Query.Internal.SingleQueryingEnumerable`1.AsyncEnumerator.MoveNextAsync()
   at Microsoft.EntityFrameworkCore.Query.ShapedQueryCompilingExpressionVisitor.SingleAsync[TSource](IAsyncEnumerable`1 asyncEnumerable, CancellationToken cancellationToken)
   at Microsoft.EntityFrameworkCore.Query.ShapedQueryCompilingExpressionVisitor.SingleAsync[TSource](IAsyncEnumerable`1 asyncEnumerable, CancellationToken cancellationToken)
   at WHS.Infrastructure.Repositories.WarehouseRepository.GetAllMatchingAsync(String searchPhrase, Int32 pageSize, Int32 pageNumber, String sortBy, SortDirection sortDirection) in C:\Asp.Net_Project\WarehouseApp\WHS\src\WHS.Infrastructure\Repositories\WarehouseRepository.cs:line 49
   --- End of inner exception stack trace ---
   at WHS.Infrastructure.Repositories.WarehouseRepository.GetAllMatchingAsync(String searchPhrase, Int32 pageSize, Int32 pageNumber, String sortBy, SortDirection sortDirection) in C:\Asp.Net_Project\WarehouseApp\WHS\src\WHS.Infrastructure\Repositories\WarehouseRepository.cs:line 75
   at WHS.Application.CQRS.WarehouseCQRS.Queries.GetAllWarehousesQueryHandler.Handle(GetAllWarehousesQuery request, CancellationToken cancellationToken) in C:\Asp.Net_Project\WarehouseApp\WHS\src\WHS.Application\CQRS\WarehouseCQRS\Queries\GetAllWarehousesQuery.cs:line 27
   --- End of inner exception stack trace ---
   at WHS.Application.CQRS.WarehouseCQRS.Queries.GetAllWarehousesQueryHandler.Handle(GetAllWarehousesQuery request, CancellationToken cancellationToken) in C:\Asp.Net_Project\WarehouseApp\WHS\src\WHS.Application\CQRS\WarehouseCQRS\Queries\GetAllWarehousesQuery.cs:line 43
   at WebAPI.Controllers.WarehouseController.GetAll(GetAllWarehousesQuery query) in C:\Asp.Net_Project\WarehouseApp\WHS\src\WebAPI\Controllers\WarehouseController.cs:line 21
   at lambda_method7(Closure, Object)
   at Microsoft.AspNetCore.Mvc.Infrastructure.ActionMethodExecutor.AwaitableObjectResultExecutor.Execute(ActionContext actionContext, IActionResultTypeMapper mapper, ObjectMethodExecutor executor, Object controller, Object[] arguments)
   at Microsoft.AspNetCore.Mvc.Infrastructure.ControllerActionInvoker.<InvokeActionMethodAsync>g__Awaited|12_0(ControllerActionInvoker invoker, ValueTask`1 actionResultValueTask)
   at Microsoft.AspNetCore.Mvc.Infrastructure.ControllerActionInvoker.<InvokeNextActionFilterAsync>g__Awaited|10_0(ControllerActionInvoker invoker, Task lastTask, State next, Scope scope, Object state, Boolean isCompleted)
   at Microsoft.AspNetCore.Mvc.Infrastructure.ControllerActionInvoker.Rethrow(ActionExecutedContextSealed context)
   at Microsoft.AspNetCore.Mvc.Infrastructure.ControllerActionInvoker.Next(State& next, Scope& scope, Object& state, Boolean& isCompleted)
   at Microsoft.AspNetCore.Mvc.Infrastructure.ControllerActionInvoker.<InvokeInnerFilterAsync>g__Awaited|13_0(ControllerActionInvoker invoker, Task lastTask, State next, Scope scope, Object state, Boolean isCompleted)
   at Microsoft.AspNetCore.Mvc.Infrastructure.ResourceInvoker.<InvokeFilterPipelineAsync>g__Awaited|20_0(ResourceInvoker invoker, Task lastTask, State next, Scope scope, Object state, Boolean isCompleted)
   at Microsoft.AspNetCore.Mvc.Infrastructure.ResourceInvoker.<InvokeAsync>g__Logged|17_1(ResourceInvoker invoker)
   at Microsoft.AspNetCore.Mvc.Infrastructure.ResourceInvoker.<InvokeAsync>g__Logged|17_1(ResourceInvoker invoker)
   at Microsoft.AspNetCore.Routing.EndpointMiddleware.<Invoke>g__AwaitRequestTask|7_0(Endpoint endpoint, Task requestTask, ILogger logger)
   at Microsoft.AspNetCore.Authorization.AuthorizationMiddleware.Invoke(HttpContext context)
   at Swashbuckle.AspNetCore.SwaggerUI.SwaggerUIMiddleware.Invoke(HttpContext httpContext)
   at Swashbuckle.AspNetCore.Swagger.SwaggerMiddleware.Invoke(HttpContext httpContext, ISwaggerProvider swaggerProvider)
   at Serilog.AspNetCore.RequestLoggingMiddleware.Invoke(HttpContext httpContext)
2025-03-27 15:09:27.042 +01:00 [ERR] Unhandled exception occurred. Exception: An error occurred while retrieving warehouses., StackTrace:    at WHS.Application.CQRS.WarehouseCQRS.Queries.GetAllWarehousesQueryHandler.Handle(GetAllWarehousesQuery request, CancellationToken cancellationToken) in C:\Asp.Net_Project\WarehouseApp\WHS\src\WHS.Application\CQRS\WarehouseCQRS\Queries\GetAllWarehousesQuery.cs:line 43
   at WebAPI.Controllers.WarehouseController.GetAll(GetAllWarehousesQuery query) in C:\Asp.Net_Project\WarehouseApp\WHS\src\WebAPI\Controllers\WarehouseController.cs:line 21
   at lambda_method7(Closure, Object)
   at Microsoft.AspNetCore.Mvc.Infrastructure.ActionMethodExecutor.AwaitableObjectResultExecutor.Execute(ActionContext actionContext, IActionResultTypeMapper mapper, ObjectMethodExecutor executor, Object controller, Object[] arguments)
   at Microsoft.AspNetCore.Mvc.Infrastructure.ControllerActionInvoker.<InvokeActionMethodAsync>g__Awaited|12_0(ControllerActionInvoker invoker, ValueTask`1 actionResultValueTask)
   at Microsoft.AspNetCore.Mvc.Infrastructure.ControllerActionInvoker.<InvokeNextActionFilterAsync>g__Awaited|10_0(ControllerActionInvoker invoker, Task lastTask, State next, Scope scope, Object state, Boolean isCompleted)
   at Microsoft.AspNetCore.Mvc.Infrastructure.ControllerActionInvoker.Rethrow(ActionExecutedContextSealed context)
   at Microsoft.AspNetCore.Mvc.Infrastructure.ControllerActionInvoker.Next(State& next, Scope& scope, Object& state, Boolean& isCompleted)
   at Microsoft.AspNetCore.Mvc.Infrastructure.ControllerActionInvoker.<InvokeInnerFilterAsync>g__Awaited|13_0(ControllerActionInvoker invoker, Task lastTask, State next, Scope scope, Object state, Boolean isCompleted)
   at Microsoft.AspNetCore.Mvc.Infrastructure.ResourceInvoker.<InvokeFilterPipelineAsync>g__Awaited|20_0(ResourceInvoker invoker, Task lastTask, State next, Scope scope, Object state, Boolean isCompleted)
   at Microsoft.AspNetCore.Mvc.Infrastructure.ResourceInvoker.<InvokeAsync>g__Logged|17_1(ResourceInvoker invoker)
   at Microsoft.AspNetCore.Mvc.Infrastructure.ResourceInvoker.<InvokeAsync>g__Logged|17_1(ResourceInvoker invoker)
   at Microsoft.AspNetCore.Routing.EndpointMiddleware.<Invoke>g__AwaitRequestTask|7_0(Endpoint endpoint, Task requestTask, ILogger logger)
   at Microsoft.AspNetCore.Authorization.AuthorizationMiddleware.Invoke(HttpContext context)
   at Swashbuckle.AspNetCore.SwaggerUI.SwaggerUIMiddleware.Invoke(HttpContext httpContext)
   at Swashbuckle.AspNetCore.Swagger.SwaggerMiddleware.Invoke(HttpContext httpContext, ISwaggerProvider swaggerProvider)
   at Serilog.AspNetCore.RequestLoggingMiddleware.Invoke(HttpContext httpContext)
   at WebAPI.Middleware.RequestTimeLoggingMiddleware.InvokeAsync(HttpContext context, RequestDelegate next) in C:\Asp.Net_Project\WarehouseApp\WHS\src\WebAPI\Middlewares\RequestTImeLoggingMiddleware.cs:line 10
   at Microsoft.AspNetCore.Builder.UseMiddlewareExtensions.InterfaceMiddlewareBinder.<>c__DisplayClass2_0.<<CreateMiddleware>b__0>d.MoveNext()
--- End of stack trace from previous location ---
   at WebAPI.Middleware.ErrorHandlingMiddleware.InvokeAsync(HttpContext context, RequestDelegate next) in C:\Asp.Net_Project\WarehouseApp\WHS\src\WebAPI\Middlewares\ErrorHandlingMiddleware.cs:line 22, Path: /api/warehouse/GetAll, Method: GET
System.ApplicationException: An error occurred while retrieving warehouses.
 ---> System.ApplicationException: Error occurred while fetching warehouses.
 ---> System.InvalidOperationException: An exception has been raised that is likely due to a transient failure. Consider enabling transient error resiliency by adding 'EnableRetryOnFailure' to the 'UseSqlServer' call.
 ---> Microsoft.Data.SqlClient.SqlException (0x80131904): Cannot open database "WHSX" requested by the login. The login failed.
Login failed for user 'DESKTOP-7DEM3O3\HCES'.
   at Microsoft.Data.SqlClient.SqlInternalConnection.OnError(SqlException exception, Boolean breakConnection, Action`1 wrapCloseInAction)
   at Microsoft.Data.SqlClient.TdsParser.ThrowExceptionAndWarning(TdsParserStateObject stateObj, Boolean callerHasConnectionLock, Boolean asyncClose)
   at Microsoft.Data.SqlClient.TdsParser.TryRun(RunBehavior runBehavior, SqlCommand cmdHandler, SqlDataReader dataStream, BulkCopySimpleResultSet bulkCopyHandler, TdsParserStateObject stateObj, Boolean& dataReady)
   at Microsoft.Data.SqlClient.TdsParser.Run(RunBehavior runBehavior, SqlCommand cmdHandler, SqlDataReader dataStream, BulkCopySimpleResultSet bulkCopyHandler, TdsParserStateObject stateObj)
   at Microsoft.Data.SqlClient.SqlInternalConnectionTds.CompleteLogin(Boolean enlistOK)
   at Microsoft.Data.SqlClient.SqlInternalConnectionTds.AttemptOneLogin(ServerInfo serverInfo, String newPassword, SecureString newSecurePassword, Boolean ignoreSniOpenTimeout, TimeoutTimer timeout, Boolean withFailover)
   at Microsoft.Data.SqlClient.SqlInternalConnectionTds.LoginNoFailover(ServerInfo serverInfo, String newPassword, SecureString newSecurePassword, Boolean redirectedUserInstance, SqlConnectionString connectionOptions, SqlCredential credential, TimeoutTimer timeout)
   at Microsoft.Data.SqlClient.SqlInternalConnectionTds.OpenLoginEnlist(TimeoutTimer timeout, SqlConnectionString connectionOptions, SqlCredential credential, String newPassword, SecureString newSecurePassword, Boolean redirectedUserInstance)
   at Microsoft.Data.SqlClient.SqlInternalConnectionTds..ctor(DbConnectionPoolIdentity identity, SqlConnectionString connectionOptions, SqlCredential credential, Object providerInfo, String newPassword, SecureString newSecurePassword, Boolean redirectedUserInstance, SqlConnectionString userConnectionOptions, SessionData reconnectSessionData, Boolean applyTransientFaultHandling, String accessToken, DbConnectionPool pool)
   at Microsoft.Data.SqlClient.SqlConnectionFactory.CreateConnection(DbConnectionOptions options, DbConnectionPoolKey poolKey, Object poolGroupProviderInfo, DbConnectionPool pool, DbConnection owningConnection, DbConnectionOptions userOptions)
   at Microsoft.Data.ProviderBase.DbConnectionFactory.CreatePooledConnection(DbConnectionPool pool, DbConnection owningObject, DbConnectionOptions options, DbConnectionPoolKey poolKey, DbConnectionOptions userOptions)
   at Microsoft.Data.ProviderBase.DbConnectionPool.CreateObject(DbConnection owningObject, DbConnectionOptions userOptions, DbConnectionInternal oldConnection)
   at Microsoft.Data.ProviderBase.DbConnectionPool.UserCreateRequest(DbConnection owningObject, DbConnectionOptions userOptions, DbConnectionInternal oldConnection)
   at Microsoft.Data.ProviderBase.DbConnectionPool.TryGetConnection(DbConnection owningObject, UInt32 waitForMultipleObjectsTimeout, Boolean allowCreate, Boolean onlyOneCheckConnection, DbConnectionOptions userOptions, DbConnectionInternal& connection)
   at Microsoft.Data.ProviderBase.DbConnectionPool.WaitForPendingOpen()
--- End of stack trace from previous location ---
   at Microsoft.EntityFrameworkCore.Storage.RelationalConnection.OpenInternalAsync(Boolean errorsExpected, CancellationToken cancellationToken)
   at Microsoft.EntityFrameworkCore.Storage.RelationalConnection.OpenInternalAsync(Boolean errorsExpected, CancellationToken cancellationToken)
   at Microsoft.EntityFrameworkCore.Storage.RelationalConnection.OpenAsync(CancellationToken cancellationToken, Boolean errorsExpected)
   at Microsoft.EntityFrameworkCore.Storage.RelationalCommand.ExecuteReaderAsync(RelationalCommandParameterObject parameterObject, CancellationToken cancellationToken)
   at Microsoft.EntityFrameworkCore.Query.Internal.SingleQueryingEnumerable`1.AsyncEnumerator.InitializeReaderAsync(AsyncEnumerator enumerator, CancellationToken cancellationToken)
   at Microsoft.EntityFrameworkCore.SqlServer.Storage.Internal.SqlServerExecutionStrategy.ExecuteAsync[TState,TResult](TState state, Func`4 operation, Func`4 verifySucceeded, CancellationToken cancellationToken)
ClientConnectionId:64b3253d-0bf1-4fc6-81d7-0aa10d1cac3e
Error Number:4060,State:1,Class:11
   --- End of inner exception stack trace ---
   at Microsoft.EntityFrameworkCore.SqlServer.Storage.Internal.SqlServerExecutionStrategy.ExecuteAsync[TState,TResult](TState state, Func`4 operation, Func`4 verifySucceeded, CancellationToken cancellationToken)
   at Microsoft.EntityFrameworkCore.Query.Internal.SingleQueryingEnumerable`1.AsyncEnumerator.MoveNextAsync()
   at Microsoft.EntityFrameworkCore.Query.ShapedQueryCompilingExpressionVisitor.SingleAsync[TSource](IAsyncEnumerable`1 asyncEnumerable, CancellationToken cancellationToken)
   at Microsoft.EntityFrameworkCore.Query.ShapedQueryCompilingExpressionVisitor.SingleAsync[TSource](IAsyncEnumerable`1 asyncEnumerable, CancellationToken cancellationToken)
   at WHS.Infrastructure.Repositories.WarehouseRepository.GetAllMatchingAsync(String searchPhrase, Int32 pageSize, Int32 pageNumber, String sortBy, SortDirection sortDirection) in C:\Asp.Net_Project\WarehouseApp\WHS\src\WHS.Infrastructure\Repositories\WarehouseRepository.cs:line 49
   --- End of inner exception stack trace ---
   at WHS.Infrastructure.Repositories.WarehouseRepository.GetAllMatchingAsync(String searchPhrase, Int32 pageSize, Int32 pageNumber, String sortBy, SortDirection sortDirection) in C:\Asp.Net_Project\WarehouseApp\WHS\src\WHS.Infrastructure\Repositories\WarehouseRepository.cs:line 75
   at WHS.Application.CQRS.WarehouseCQRS.Queries.GetAllWarehousesQueryHandler.Handle(GetAllWarehousesQuery request, CancellationToken cancellationToken) in C:\Asp.Net_Project\WarehouseApp\WHS\src\WHS.Application\CQRS\WarehouseCQRS\Queries\GetAllWarehousesQuery.cs:line 27
   --- End of inner exception stack trace ---
   at WHS.Application.CQRS.WarehouseCQRS.Queries.GetAllWarehousesQueryHandler.Handle(GetAllWarehousesQuery request, CancellationToken cancellationToken) in C:\Asp.Net_Project\WarehouseApp\WHS\src\WHS.Application\CQRS\WarehouseCQRS\Queries\GetAllWarehousesQuery.cs:line 43
   at WebAPI.Controllers.WarehouseController.GetAll(GetAllWarehousesQuery query) in C:\Asp.Net_Project\WarehouseApp\WHS\src\WebAPI\Controllers\WarehouseController.cs:line 21
   at lambda_method7(Closure, Object)
   at Microsoft.AspNetCore.Mvc.Infrastructure.ActionMethodExecutor.AwaitableObjectResultExecutor.Execute(ActionContext actionContext, IActionResultTypeMapper mapper, ObjectMethodExecutor executor, Object controller, Object[] arguments)
   at Microsoft.AspNetCore.Mvc.Infrastructure.ControllerActionInvoker.<InvokeActionMethodAsync>g__Awaited|12_0(ControllerActionInvoker invoker, ValueTask`1 actionResultValueTask)
   at Microsoft.AspNetCore.Mvc.Infrastructure.ControllerActionInvoker.<InvokeNextActionFilterAsync>g__Awaited|10_0(ControllerActionInvoker invoker, Task lastTask, State next, Scope scope, Object state, Boolean isCompleted)
   at Microsoft.AspNetCore.Mvc.Infrastructure.ControllerActionInvoker.Rethrow(ActionExecutedContextSealed context)
   at Microsoft.AspNetCore.Mvc.Infrastructure.ControllerActionInvoker.Next(State& next, Scope& scope, Object& state, Boolean& isCompleted)
   at Microsoft.AspNetCore.Mvc.Infrastructure.ControllerActionInvoker.<InvokeInnerFilterAsync>g__Awaited|13_0(ControllerActionInvoker invoker, Task lastTask, State next, Scope scope, Object state, Boolean isCompleted)
   at Microsoft.AspNetCore.Mvc.Infrastructure.ResourceInvoker.<InvokeFilterPipelineAsync>g__Awaited|20_0(ResourceInvoker invoker, Task lastTask, State next, Scope scope, Object state, Boolean isCompleted)
   at Microsoft.AspNetCore.Mvc.Infrastructure.ResourceInvoker.<InvokeAsync>g__Logged|17_1(ResourceInvoker invoker)
   at Microsoft.AspNetCore.Mvc.Infrastructure.ResourceInvoker.<InvokeAsync>g__Logged|17_1(ResourceInvoker invoker)
   at Microsoft.AspNetCore.Routing.EndpointMiddleware.<Invoke>g__AwaitRequestTask|7_0(Endpoint endpoint, Task requestTask, ILogger logger)
   at Microsoft.AspNetCore.Authorization.AuthorizationMiddleware.Invoke(HttpContext context)
   at Swashbuckle.AspNetCore.SwaggerUI.SwaggerUIMiddleware.Invoke(HttpContext httpContext)
   at Swashbuckle.AspNetCore.Swagger.SwaggerMiddleware.Invoke(HttpContext httpContext, ISwaggerProvider swaggerProvider)
   at Serilog.AspNetCore.RequestLoggingMiddleware.Invoke(HttpContext httpContext)
   at WebAPI.Middleware.RequestTimeLoggingMiddleware.InvokeAsync(HttpContext context, RequestDelegate next) in C:\Asp.Net_Project\WarehouseApp\WHS\src\WebAPI\Middlewares\RequestTImeLoggingMiddleware.cs:line 10
   at Microsoft.AspNetCore.Builder.UseMiddlewareExtensions.InterfaceMiddlewareBinder.<>c__DisplayClass2_0.<<CreateMiddleware>b__0>d.MoveNext()
--- End of stack trace from previous location ---
   at WebAPI.Middleware.ErrorHandlingMiddleware.InvokeAsync(HttpContext context, RequestDelegate next) in C:\Asp.Net_Project\WarehouseApp\WHS\src\WebAPI\Middlewares\ErrorHandlingMiddleware.cs:line 22
2025-03-27 15:10:46.450 +01:00 [INF] User profile is available. Using 'C:\Users\HCES\AppData\Local\ASP.NET\DataProtection-Keys' as key repository and Windows DPAPI to encrypt keys at rest.
2025-03-27 15:10:46.788 +01:00 [INF] Now listening on: https://localhost:5271
2025-03-27 15:10:46.828 +01:00 [INF] Application started. Press Ctrl+C to shut down.
2025-03-27 15:10:46.830 +01:00 [INF] Hosting environment: Development
2025-03-27 15:10:46.833 +01:00 [INF] Content root path: C:\Asp.Net_Project\WarehouseApp\WHS\src\WebAPI
2025-03-27 15:10:47.199 +01:00 [INF] Request starting HTTP/2 GET https://localhost:5271/index.html - null null
2025-03-27 15:11:50.388 +01:00 [INF] HTTP GET /index.html responded 200 in 30.0020 ms
2025-03-27 15:11:50.396 +01:00 [INF] Request finished HTTP/2 GET https://localhost:5271/index.html - 200 null text/html;charset=utf-8 63200.2176ms
2025-03-27 15:11:50.412 +01:00 [INF] Request starting HTTP/2 GET https://localhost:5271/index.js - null null
2025-03-27 15:11:50.419 +01:00 [INF] Request starting HTTP/2 GET https://localhost:5271/_framework/aspnetcore-browser-refresh.js - null null
2025-03-27 15:11:51.017 +01:00 [INF] Request starting HTTP/2 GET https://localhost:5271/_vs/browserLink - null null
2025-03-27 15:11:51.017 +01:00 [INF] HTTP GET /index.js responded 200 in 1.0410 ms
2025-03-27 15:11:51.063 +01:00 [INF] Request finished HTTP/2 GET https://localhost:5271/_framework/aspnetcore-browser-refresh.js - 200 16497 application/javascript; charset=utf-8 644.7392ms
2025-03-27 15:11:51.064 +01:00 [INF] Request finished HTTP/2 GET https://localhost:5271/index.js - 200 null application/javascript;charset=utf-8 652.6717ms
2025-03-27 15:11:51.091 +01:00 [INF] Request finished HTTP/2 GET https://localhost:5271/_vs/browserLink - 200 null text/javascript; charset=UTF-8 74.1635ms
2025-03-27 15:11:51.180 +01:00 [INF] Request starting HTTP/2 GET https://localhost:5271/swagger/v1/swagger.json - null null
2025-03-27 15:11:56.888 +01:00 [INF] HTTP GET /swagger/v1/swagger.json responded 200 in 17.4350 ms
2025-03-27 15:11:56.895 +01:00 [INF] Request finished HTTP/2 GET https://localhost:5271/swagger/v1/swagger.json - 200 null application/json;charset=utf-8 5714.8341ms
2025-03-27 15:12:00.449 +01:00 [INF] Request starting HTTP/1.1 GET https://localhost:5271/api/warehouseX/90266a3c-8cec-4a20-8be7-4faf991d9f56 - null null
2025-03-27 15:12:01.779 +01:00 [INF] HTTP GET /api/warehouseX/90266a3c-8cec-4a20-8be7-4faf991d9f56 responded 404 in 20.0159 ms
2025-03-27 15:12:01.792 +01:00 [INF] Request finished HTTP/1.1 GET https://localhost:5271/api/warehouseX/90266a3c-8cec-4a20-8be7-4faf991d9f56 - 404 0 null 1342.7538ms
2025-03-27 15:12:01.801 +01:00 [INF] Request reached the end of the middleware pipeline without being handled by application code. Request path: GET https://localhost:5271/api/warehouseX/90266a3c-8cec-4a20-8be7-4faf991d9f56, Response status code: 404
2025-03-27 19:39:27.554 +01:00 [INF] User profile is available. Using 'C:\Users\HCES\AppData\Local\ASP.NET\DataProtection-Keys' as key repository and Windows DPAPI to encrypt keys at rest.
2025-03-27 19:39:27.982 +01:00 [INF] Now listening on: https://localhost:5271
2025-03-27 19:39:28.048 +01:00 [INF] Application started. Press Ctrl+C to shut down.
2025-03-27 19:39:28.050 +01:00 [INF] Hosting environment: Development
2025-03-27 19:39:28.052 +01:00 [INF] Content root path: C:\Asp.Net_Project\WarehouseApp\WHS\src\WebAPI
2025-03-27 19:39:28.870 +01:00 [INF] Request starting HTTP/2 GET https://localhost:5271/index.html - null null
2025-03-27 19:39:31.756 +01:00 [INF] HTTP GET /index.html responded 200 in 33.5533 ms
2025-03-27 19:39:31.767 +01:00 [INF] Request finished HTTP/2 GET https://localhost:5271/index.html - 200 null text/html;charset=utf-8 2904.1458ms
2025-03-27 19:39:31.780 +01:00 [INF] Request starting HTTP/2 GET https://localhost:5271/index.js - null null
2025-03-27 19:39:31.789 +01:00 [INF] HTTP GET /index.js responded 200 in 1.3799 ms
2025-03-27 19:39:31.794 +01:00 [INF] Request finished HTTP/2 GET https://localhost:5271/index.js - 200 null application/javascript;charset=utf-8 13.4787ms
2025-03-27 19:39:31.796 +01:00 [INF] Request starting HTTP/2 GET https://localhost:5271/_framework/aspnetcore-browser-refresh.js - null null
2025-03-27 19:39:31.797 +01:00 [INF] Request starting HTTP/2 GET https://localhost:5271/_vs/browserLink - null null
2025-03-27 19:39:31.812 +01:00 [INF] Request finished HTTP/2 GET https://localhost:5271/_framework/aspnetcore-browser-refresh.js - 200 16497 application/javascript; charset=utf-8 16.3339ms
2025-03-27 19:39:31.832 +01:00 [INF] Request finished HTTP/2 GET https://localhost:5271/_vs/browserLink - 200 null text/javascript; charset=UTF-8 35.3499ms
2025-03-27 19:39:32.194 +01:00 [INF] Request starting HTTP/2 GET https://localhost:5271/swagger/v1/swagger.json - null null
2025-03-27 19:39:32.235 +01:00 [INF] HTTP GET /swagger/v1/swagger.json responded 200 in 29.9676 ms
2025-03-27 19:39:32.240 +01:00 [INF] Request finished HTTP/2 GET https://localhost:5271/swagger/v1/swagger.json - 200 null application/json;charset=utf-8 46.6212ms
2025-03-27 19:43:02.494 +01:00 [INF] Request starting HTTP/1.1 POST https://localhost:5271/api/dynamicquery/filter/Warehouse - application/json 197
2025-03-27 19:43:02.521 +01:00 [INF] Executing endpoint 'WebAPI.Controllers.DynamicQueryController.FilterEntities (WebAPI)'
2025-03-27 19:43:02.539 +01:00 [INF] Route matched with {action = "FilterEntities", controller = "DynamicQuery"}. Executing controller action with signature System.Threading.Tasks.Task`1[Microsoft.AspNetCore.Mvc.IActionResult] FilterEntities(System.String, WHS.Application.Common.Queries.DynamicQuery) on controller WebAPI.Controllers.DynamicQueryController (WebAPI).
2025-03-27 19:45:29.189 +01:00 [INF] User profile is available. Using 'C:\Users\HCES\AppData\Local\ASP.NET\DataProtection-Keys' as key repository and Windows DPAPI to encrypt keys at rest.
2025-03-27 19:45:29.588 +01:00 [INF] Now listening on: https://localhost:5271
2025-03-27 19:45:29.629 +01:00 [INF] Application started. Press Ctrl+C to shut down.
2025-03-27 19:45:29.631 +01:00 [INF] Hosting environment: Development
2025-03-27 19:45:29.634 +01:00 [INF] Content root path: C:\Asp.Net_Project\WarehouseApp\WHS\src\WebAPI
2025-03-27 19:45:30.454 +01:00 [INF] Request starting HTTP/2 GET https://localhost:5271/index.html - null null
2025-03-27 19:45:30.644 +01:00 [INF] HTTP GET /index.html responded 200 in 56.6992 ms
2025-03-27 19:45:30.695 +01:00 [INF] Request starting HTTP/2 GET https://localhost:5271/_vs/browserLink - null null
2025-03-27 19:45:30.694 +01:00 [INF] Request starting HTTP/2 GET https://localhost:5271/index.js - null null
2025-03-27 19:45:30.694 +01:00 [INF] Request starting HTTP/2 GET https://localhost:5271/_framework/aspnetcore-browser-refresh.js - null null
2025-03-27 19:45:30.724 +01:00 [INF] Request finished HTTP/2 GET https://localhost:5271/index.html - 200 null text/html;charset=utf-8 209.0331ms
2025-03-27 19:45:30.742 +01:00 [INF] HTTP GET /index.js responded 200 in 1.4504 ms
2025-03-27 19:45:30.760 +01:00 [INF] Request finished HTTP/2 GET https://localhost:5271/index.js - 200 null application/javascript;charset=utf-8 104.7478ms
2025-03-27 19:45:30.776 +01:00 [INF] Request finished HTTP/2 GET https://localhost:5271/_framework/aspnetcore-browser-refresh.js - 200 16497 application/javascript; charset=utf-8 120.3856ms
2025-03-27 19:45:30.779 +01:00 [INF] Request finished HTTP/2 GET https://localhost:5271/_vs/browserLink - 200 null text/javascript; charset=UTF-8 123.6517ms
2025-03-27 19:45:30.822 +01:00 [INF] Request starting HTTP/2 GET https://localhost:5271/swagger/v1/swagger.json - null null
2025-03-27 19:45:30.856 +01:00 [INF] HTTP GET /swagger/v1/swagger.json responded 200 in 26.8570 ms
2025-03-27 19:45:30.861 +01:00 [INF] Request finished HTTP/2 GET https://localhost:5271/swagger/v1/swagger.json - 200 null application/json;charset=utf-8 39.5691ms
2025-03-27 19:45:39.294 +01:00 [INF] Request starting HTTP/1.1 POST https://localhost:5271/api/dynamicquery/filter/Warehouse - application/json 197
2025-03-27 19:45:39.320 +01:00 [INF] Executing endpoint 'WebAPI.Controllers.DynamicQueryController.FilterEntities (WebAPI)'
2025-03-27 19:45:39.337 +01:00 [INF] Route matched with {action = "FilterEntities", controller = "DynamicQuery"}. Executing controller action with signature System.Threading.Tasks.Task`1[Microsoft.AspNetCore.Mvc.IActionResult] FilterEntities(System.String, WHS.Application.Common.Queries.DynamicQuery) on controller WebAPI.Controllers.DynamicQueryController (WebAPI).
2025-03-27 19:46:15.068 +01:00 [INF] User profile is available. Using 'C:\Users\HCES\AppData\Local\ASP.NET\DataProtection-Keys' as key repository and Windows DPAPI to encrypt keys at rest.
2025-03-27 19:46:15.420 +01:00 [INF] Now listening on: https://localhost:5271
2025-03-27 19:46:15.459 +01:00 [INF] Application started. Press Ctrl+C to shut down.
2025-03-27 19:46:15.461 +01:00 [INF] Hosting environment: Development
2025-03-27 19:46:15.463 +01:00 [INF] Content root path: C:\Asp.Net_Project\WarehouseApp\WHS\src\WebAPI
2025-03-27 19:46:16.470 +01:00 [INF] Request starting HTTP/2 GET https://localhost:5271/index.html - null null
2025-03-27 19:46:16.641 +01:00 [INF] HTTP GET /index.html responded 200 in 31.0634 ms
2025-03-27 19:46:16.652 +01:00 [INF] Request finished HTTP/2 GET https://localhost:5271/index.html - 200 null text/html;charset=utf-8 186.5796ms
2025-03-27 19:46:16.656 +01:00 [INF] Request starting HTTP/2 GET https://localhost:5271/_framework/aspnetcore-browser-refresh.js - null null
2025-03-27 19:46:16.656 +01:00 [INF] Request starting HTTP/2 GET https://localhost:5271/_vs/browserLink - null null
2025-03-27 19:46:16.656 +01:00 [INF] Request starting HTTP/2 GET https://localhost:5271/index.js - null null
2025-03-27 19:46:16.679 +01:00 [INF] Request finished HTTP/2 GET https://localhost:5271/_framework/aspnetcore-browser-refresh.js - 200 16497 application/javascript; charset=utf-8 23.3353ms
2025-03-27 19:46:16.713 +01:00 [INF] HTTP GET /index.js responded 200 in 0.9889 ms
2025-03-27 19:46:16.717 +01:00 [INF] Request finished HTTP/2 GET https://localhost:5271/index.js - 200 null application/javascript;charset=utf-8 62.1516ms
2025-03-27 19:46:16.730 +01:00 [INF] Request finished HTTP/2 GET https://localhost:5271/_vs/browserLink - 200 null text/javascript; charset=UTF-8 75.0034ms
2025-03-27 19:46:16.793 +01:00 [INF] Request starting HTTP/2 GET https://localhost:5271/swagger/v1/swagger.json - null null
2025-03-27 19:46:16.828 +01:00 [INF] HTTP GET /swagger/v1/swagger.json responded 200 in 24.2418 ms
2025-03-27 19:46:16.832 +01:00 [INF] Request finished HTTP/2 GET https://localhost:5271/swagger/v1/swagger.json - 200 null application/json;charset=utf-8 39.3692ms
2025-03-27 19:46:19.041 +01:00 [INF] Request starting HTTP/1.1 POST https://localhost:5271/api/dynamicquery/filter/Warehouse - application/json 197
2025-03-27 19:46:19.071 +01:00 [INF] Executing endpoint 'WebAPI.Controllers.DynamicQueryController.FilterEntities (WebAPI)'
2025-03-27 19:46:19.092 +01:00 [INF] Route matched with {action = "FilterEntities", controller = "DynamicQuery"}. Executing controller action with signature System.Threading.Tasks.Task`1[Microsoft.AspNetCore.Mvc.IActionResult] FilterEntities(System.String, WHS.Application.Common.Queries.DynamicQuery) on controller WebAPI.Controllers.DynamicQueryController (WebAPI).
2025-03-27 19:46:19.440 +01:00 [INF] Executing BadRequestObjectResult, writing value of type 'System.String'.
2025-03-27 19:46:19.447 +01:00 [INF] Executed action WebAPI.Controllers.DynamicQueryController.FilterEntities (WebAPI) in 346.4639ms
2025-03-27 19:46:19.449 +01:00 [INF] Executed endpoint 'WebAPI.Controllers.DynamicQueryController.FilterEntities (WebAPI)'
2025-03-27 19:46:19.451 +01:00 [INF] HTTP POST /api/dynamicquery/filter/Warehouse responded 400 in 402.0697 ms
2025-03-27 19:46:19.454 +01:00 [INF] Request finished HTTP/1.1 POST https://localhost:5271/api/dynamicquery/filter/Warehouse - 400 null text/plain; charset=utf-8 413.101ms
2025-03-27 19:47:55.105 +01:00 [INF] Request starting HTTP/1.1 POST https://localhost:5271/api/dynamicquery/filter/Warehouse - application/json 197
2025-03-27 19:47:55.110 +01:00 [INF] Executing endpoint 'WebAPI.Controllers.DynamicQueryController.FilterEntities (WebAPI)'
2025-03-27 19:47:55.113 +01:00 [INF] Route matched with {action = "FilterEntities", controller = "DynamicQuery"}. Executing controller action with signature System.Threading.Tasks.Task`1[Microsoft.AspNetCore.Mvc.IActionResult] FilterEntities(System.String, WHS.Application.Common.Queries.DynamicQuery) on controller WebAPI.Controllers.DynamicQueryController (WebAPI).
2025-03-27 19:47:55.150 +01:00 [INF] Executing BadRequestObjectResult, writing value of type 'System.String'.
2025-03-27 19:47:55.152 +01:00 [INF] Executed action WebAPI.Controllers.DynamicQueryController.FilterEntities (WebAPI) in 36.2148ms
2025-03-27 19:47:55.154 +01:00 [INF] Executed endpoint 'WebAPI.Controllers.DynamicQueryController.FilterEntities (WebAPI)'
2025-03-27 19:47:55.156 +01:00 [INF] HTTP POST /api/dynamicquery/filter/Warehouse responded 400 in 46.2278 ms
2025-03-27 19:47:55.158 +01:00 [INF] Request finished HTTP/1.1 POST https://localhost:5271/api/dynamicquery/filter/Warehouse - 400 null text/plain; charset=utf-8 52.7807ms
2025-03-27 19:48:45.300 +01:00 [INF] User profile is available. Using 'C:\Users\HCES\AppData\Local\ASP.NET\DataProtection-Keys' as key repository and Windows DPAPI to encrypt keys at rest.
2025-03-27 19:48:45.658 +01:00 [INF] Now listening on: https://localhost:5271
2025-03-27 19:48:45.697 +01:00 [INF] Application started. Press Ctrl+C to shut down.
2025-03-27 19:48:45.700 +01:00 [INF] Hosting environment: Development
2025-03-27 19:48:45.702 +01:00 [INF] Content root path: C:\Asp.Net_Project\WarehouseApp\WHS\src\WebAPI
2025-03-27 19:48:46.226 +01:00 [INF] Request starting HTTP/2 GET https://localhost:5271/index.html - null null
2025-03-27 19:48:46.376 +01:00 [INF] HTTP GET /index.html responded 200 in 42.5548 ms
2025-03-27 19:48:46.390 +01:00 [INF] Request finished HTTP/2 GET https://localhost:5271/index.html - 200 null text/html;charset=utf-8 166.4445ms
2025-03-27 19:48:46.392 +01:00 [INF] Request starting HTTP/2 GET https://localhost:5271/_framework/aspnetcore-browser-refresh.js - null null
2025-03-27 19:48:46.392 +01:00 [INF] Request starting HTTP/2 GET https://localhost:5271/_vs/browserLink - null null
2025-03-27 19:48:46.392 +01:00 [INF] Request starting HTTP/2 GET https://localhost:5271/index.js - null null
2025-03-27 19:48:46.414 +01:00 [INF] Request finished HTTP/2 GET https://localhost:5271/_framework/aspnetcore-browser-refresh.js - 200 16497 application/javascript; charset=utf-8 23.6763ms
2025-03-27 19:48:46.422 +01:00 [INF] HTTP GET /index.js responded 200 in 1.0599 ms
2025-03-27 19:48:46.429 +01:00 [INF] Request finished HTTP/2 GET https://localhost:5271/index.js - 200 null application/javascript;charset=utf-8 38.3218ms
2025-03-27 19:48:46.442 +01:00 [INF] Request finished HTTP/2 GET https://localhost:5271/_vs/browserLink - 200 null text/javascript; charset=UTF-8 51.1772ms
2025-03-27 19:48:46.543 +01:00 [INF] Request starting HTTP/2 GET https://localhost:5271/swagger/v1/swagger.json - null null
2025-03-27 19:48:46.587 +01:00 [INF] HTTP GET /swagger/v1/swagger.json responded 200 in 34.3951 ms
2025-03-27 19:48:46.591 +01:00 [INF] Request finished HTTP/2 GET https://localhost:5271/swagger/v1/swagger.json - 200 null application/json;charset=utf-8 48.4059ms
2025-03-27 19:48:49.477 +01:00 [INF] Request starting HTTP/1.1 POST https://localhost:5271/api/dynamicquery/filter/Warehouse - application/json 197
2025-03-27 19:48:49.508 +01:00 [INF] Executing endpoint 'WebAPI.Controllers.DynamicQueryController.FilterEntities (WebAPI)'
2025-03-27 19:48:49.524 +01:00 [INF] Route matched with {action = "FilterEntities", controller = "DynamicQuery"}. Executing controller action with signature System.Threading.Tasks.Task`1[Microsoft.AspNetCore.Mvc.IActionResult] FilterEntities(System.String, WHS.Application.Common.Queries.DynamicQuery) on controller WebAPI.Controllers.DynamicQueryController (WebAPI).
2025-03-27 19:48:49.786 +01:00 [INF] Executing BadRequestObjectResult, writing value of type 'System.String'.
2025-03-27 19:48:49.792 +01:00 [INF] Executed action WebAPI.Controllers.DynamicQueryController.FilterEntities (WebAPI) in 260.6712ms
2025-03-27 19:48:49.795 +01:00 [INF] Executed endpoint 'WebAPI.Controllers.DynamicQueryController.FilterEntities (WebAPI)'
2025-03-27 19:48:49.797 +01:00 [INF] HTTP POST /api/dynamicquery/filter/Warehouse responded 400 in 312.8927 ms
2025-03-27 19:48:49.799 +01:00 [INF] Request finished HTTP/1.1 POST https://localhost:5271/api/dynamicquery/filter/Warehouse - 400 null text/plain; charset=utf-8 323.06ms
2025-03-27 19:53:52.038 +01:00 [INF] User profile is available. Using 'C:\Users\HCES\AppData\Local\ASP.NET\DataProtection-Keys' as key repository and Windows DPAPI to encrypt keys at rest.
2025-03-27 19:53:52.390 +01:00 [INF] Now listening on: https://localhost:5271
2025-03-27 19:53:52.430 +01:00 [INF] Application started. Press Ctrl+C to shut down.
2025-03-27 19:53:52.432 +01:00 [INF] Hosting environment: Development
2025-03-27 19:53:52.435 +01:00 [INF] Content root path: C:\Asp.Net_Project\WarehouseApp\WHS\src\WebAPI
2025-03-27 19:53:53.087 +01:00 [INF] Request starting HTTP/2 GET https://localhost:5271/index.html - null null
2025-03-27 19:53:53.238 +01:00 [INF] HTTP GET /index.html responded 200 in 34.0760 ms
2025-03-27 19:53:53.249 +01:00 [INF] Request finished HTTP/2 GET https://localhost:5271/index.html - 200 null text/html;charset=utf-8 164.8353ms
2025-03-27 19:53:53.255 +01:00 [INF] Request starting HTTP/2 GET https://localhost:5271/index.js - null null
2025-03-27 19:53:53.255 +01:00 [INF] Request starting HTTP/2 GET https://localhost:5271/_vs/browserLink - null null
2025-03-27 19:53:53.255 +01:00 [INF] Request starting HTTP/2 GET https://localhost:5271/_framework/aspnetcore-browser-refresh.js - null null
2025-03-27 19:53:53.285 +01:00 [INF] HTTP GET /index.js responded 200 in 7.4224 ms
2025-03-27 19:53:53.290 +01:00 [INF] Request finished HTTP/2 GET https://localhost:5271/index.js - 200 null application/javascript;charset=utf-8 35.3645ms
2025-03-27 19:53:53.293 +01:00 [INF] Request finished HTTP/2 GET https://localhost:5271/_framework/aspnetcore-browser-refresh.js - 200 16497 application/javascript; charset=utf-8 38.6246ms
2025-03-27 19:53:53.303 +01:00 [INF] Request finished HTTP/2 GET https://localhost:5271/_vs/browserLink - 200 null text/javascript; charset=UTF-8 48.5049ms
2025-03-27 19:53:53.383 +01:00 [INF] Request starting HTTP/2 GET https://localhost:5271/swagger/v1/swagger.json - null null
2025-03-27 19:53:53.411 +01:00 [INF] HTTP GET /swagger/v1/swagger.json responded 200 in 21.1323 ms
2025-03-27 19:53:53.418 +01:00 [INF] Request finished HTTP/2 GET https://localhost:5271/swagger/v1/swagger.json - 200 null application/json;charset=utf-8 35.0306ms
2025-03-27 19:53:57.259 +01:00 [INF] Request starting HTTP/1.1 POST https://localhost:5271/api/dynamicquery/filter/Warehouse - application/json 197
2025-03-27 19:53:57.279 +01:00 [INF] Executing endpoint 'WebAPI.Controllers.DynamicQueryController.FilterEntities (WebAPI)'
2025-03-27 19:53:57.295 +01:00 [INF] Route matched with {action = "FilterEntities", controller = "DynamicQuery"}. Executing controller action with signature System.Threading.Tasks.Task`1[Microsoft.AspNetCore.Mvc.IActionResult] FilterEntities(System.String, WHS.Application.Common.Queries.DynamicQuery) on controller WebAPI.Controllers.DynamicQueryController (WebAPI).
2025-03-27 19:53:57.569 +01:00 [INF] Executing BadRequestObjectResult, writing value of type 'System.String'.
2025-03-27 19:53:57.576 +01:00 [INF] Executed action WebAPI.Controllers.DynamicQueryController.FilterEntities (WebAPI) in 274.3424ms
2025-03-27 19:53:57.579 +01:00 [INF] Executed endpoint 'WebAPI.Controllers.DynamicQueryController.FilterEntities (WebAPI)'
2025-03-27 19:53:57.581 +01:00 [INF] HTTP POST /api/dynamicquery/filter/Warehouse responded 400 in 318.1830 ms
2025-03-27 19:53:57.584 +01:00 [INF] Request finished HTTP/1.1 POST https://localhost:5271/api/dynamicquery/filter/Warehouse - 400 null text/plain; charset=utf-8 325.5751ms
2025-03-27 19:57:26.957 +01:00 [INF] User profile is available. Using 'C:\Users\HCES\AppData\Local\ASP.NET\DataProtection-Keys' as key repository and Windows DPAPI to encrypt keys at rest.
2025-03-27 19:57:27.280 +01:00 [INF] Now listening on: https://localhost:5271
2025-03-27 19:57:27.331 +01:00 [INF] Application started. Press Ctrl+C to shut down.
2025-03-27 19:57:27.333 +01:00 [INF] Hosting environment: Development
2025-03-27 19:57:27.335 +01:00 [INF] Content root path: C:\Asp.Net_Project\WarehouseApp\WHS\src\WebAPI
2025-03-27 19:57:28.308 +01:00 [INF] Request starting HTTP/2 GET https://localhost:5271/index.html - null null
2025-03-27 19:57:28.456 +01:00 [INF] HTTP GET /index.html responded 200 in 34.4408 ms
2025-03-27 19:57:28.466 +01:00 [INF] Request finished HTTP/2 GET https://localhost:5271/index.html - 200 null text/html;charset=utf-8 162.2974ms
2025-03-27 19:57:28.476 +01:00 [INF] Request starting HTTP/2 GET https://localhost:5271/_vs/browserLink - null null
2025-03-27 19:57:28.476 +01:00 [INF] Request starting HTTP/2 GET https://localhost:5271/index.js - null null
2025-03-27 19:57:28.476 +01:00 [INF] Request starting HTTP/2 GET https://localhost:5271/_framework/aspnetcore-browser-refresh.js - null null
2025-03-27 19:57:28.499 +01:00 [INF] HTTP GET /index.js responded 200 in 1.4505 ms
2025-03-27 19:57:28.503 +01:00 [INF] Request finished HTTP/2 GET https://localhost:5271/index.js - 200 null application/javascript;charset=utf-8 27.7474ms
2025-03-27 19:57:28.510 +01:00 [INF] Request finished HTTP/2 GET https://localhost:5271/_framework/aspnetcore-browser-refresh.js - 200 16497 application/javascript; charset=utf-8 34.92ms
2025-03-27 19:57:28.524 +01:00 [INF] Request finished HTTP/2 GET https://localhost:5271/_vs/browserLink - 200 null text/javascript; charset=UTF-8 48.3193ms
2025-03-27 19:57:28.632 +01:00 [INF] Request starting HTTP/2 GET https://localhost:5271/swagger/v1/swagger.json - null null
2025-03-27 19:57:28.667 +01:00 [INF] HTTP GET /swagger/v1/swagger.json responded 200 in 26.6712 ms
2025-03-27 19:57:28.673 +01:00 [INF] Request finished HTTP/2 GET https://localhost:5271/swagger/v1/swagger.json - 200 null application/json;charset=utf-8 41.1459ms
2025-03-27 19:57:32.001 +01:00 [INF] Request starting HTTP/1.1 POST https://localhost:5271/api/dynamicquery/filter/Warehouse - application/json 197
2025-03-27 19:57:32.030 +01:00 [INF] Executing endpoint 'WebAPI.Controllers.DynamicQueryController.FilterEntities (WebAPI)'
2025-03-27 19:57:32.045 +01:00 [INF] Route matched with {action = "FilterEntities", controller = "DynamicQuery"}. Executing controller action with signature System.Threading.Tasks.Task`1[Microsoft.AspNetCore.Mvc.IActionResult] FilterEntities(System.String, WHS.Application.Common.Queries.DynamicQuery) on controller WebAPI.Controllers.DynamicQueryController (WebAPI).
2025-03-27 19:59:02.998 +01:00 [INF] User profile is available. Using 'C:\Users\HCES\AppData\Local\ASP.NET\DataProtection-Keys' as key repository and Windows DPAPI to encrypt keys at rest.
2025-03-27 19:59:03.331 +01:00 [INF] Now listening on: https://localhost:5271
2025-03-27 19:59:03.371 +01:00 [INF] Application started. Press Ctrl+C to shut down.
2025-03-27 19:59:03.373 +01:00 [INF] Hosting environment: Development
2025-03-27 19:59:03.374 +01:00 [INF] Content root path: C:\Asp.Net_Project\WarehouseApp\WHS\src\WebAPI
2025-03-27 19:59:04.256 +01:00 [INF] Request starting HTTP/2 GET https://localhost:5271/index.html - null null
2025-03-27 19:59:04.395 +01:00 [INF] HTTP GET /index.html responded 200 in 32.5575 ms
2025-03-27 19:59:04.405 +01:00 [INF] Request finished HTTP/2 GET https://localhost:5271/index.html - 200 null text/html;charset=utf-8 153.827ms
2025-03-27 19:59:04.408 +01:00 [INF] Request starting HTTP/2 GET https://localhost:5271/index.js - null null
2025-03-27 19:59:04.408 +01:00 [INF] Request starting HTTP/2 GET https://localhost:5271/_vs/browserLink - null null
2025-03-27 19:59:04.408 +01:00 [INF] Request starting HTTP/2 GET https://localhost:5271/_framework/aspnetcore-browser-refresh.js - null null
2025-03-27 19:59:04.422 +01:00 [INF] HTTP GET /index.js responded 200 in 0.7556 ms
2025-03-27 19:59:04.435 +01:00 [INF] Request finished HTTP/2 GET https://localhost:5271/index.js - 200 null application/javascript;charset=utf-8 28.2545ms
2025-03-27 19:59:04.446 +01:00 [INF] Request finished HTTP/2 GET https://localhost:5271/_framework/aspnetcore-browser-refresh.js - 200 16497 application/javascript; charset=utf-8 39.1834ms
2025-03-27 19:59:04.459 +01:00 [INF] Request finished HTTP/2 GET https://localhost:5271/_vs/browserLink - 200 null text/javascript; charset=UTF-8 51.7806ms
2025-03-27 19:59:04.540 +01:00 [INF] Request starting HTTP/2 GET https://localhost:5271/swagger/v1/swagger.json - null null
2025-03-27 19:59:04.579 +01:00 [INF] HTTP GET /swagger/v1/swagger.json responded 200 in 29.6668 ms
2025-03-27 19:59:04.586 +01:00 [INF] Request finished HTTP/2 GET https://localhost:5271/swagger/v1/swagger.json - 200 null application/json;charset=utf-8 45.49ms
2025-03-27 19:59:09.671 +01:00 [INF] Request starting HTTP/1.1 POST https://localhost:5271/api/dynamicquery/filter/Warehouse - application/json 197
2025-03-27 19:59:09.697 +01:00 [INF] Executing endpoint 'WebAPI.Controllers.DynamicQueryController.FilterEntities (WebAPI)'
2025-03-27 19:59:09.717 +01:00 [INF] Route matched with {action = "FilterEntities", controller = "DynamicQuery"}. Executing controller action with signature System.Threading.Tasks.Task`1[Microsoft.AspNetCore.Mvc.IActionResult] FilterEntities(System.String, WHS.Application.Common.Queries.DynamicQuery) on controller WebAPI.Controllers.DynamicQueryController (WebAPI).
2025-03-27 20:00:35.562 +01:00 [INF] User profile is available. Using 'C:\Users\HCES\AppData\Local\ASP.NET\DataProtection-Keys' as key repository and Windows DPAPI to encrypt keys at rest.
2025-03-27 20:00:35.986 +01:00 [INF] Now listening on: https://localhost:5271
2025-03-27 20:00:36.022 +01:00 [INF] Application started. Press Ctrl+C to shut down.
2025-03-27 20:00:36.024 +01:00 [INF] Hosting environment: Development
2025-03-27 20:00:36.027 +01:00 [INF] Content root path: C:\Asp.Net_Project\WarehouseApp\WHS\src\WebAPI
2025-03-27 20:00:36.880 +01:00 [INF] Request starting HTTP/2 GET https://localhost:5271/index.html - null null
2025-03-27 20:00:37.031 +01:00 [INF] HTTP GET /index.html responded 200 in 37.5404 ms
2025-03-27 20:00:37.044 +01:00 [INF] Request starting HTTP/2 GET https://localhost:5271/_vs/browserLink - null null
2025-03-27 20:00:37.044 +01:00 [INF] Request starting HTTP/2 GET https://localhost:5271/_framework/aspnetcore-browser-refresh.js - null null
2025-03-27 20:00:37.044 +01:00 [INF] Request starting HTTP/2 GET https://localhost:5271/index.js - null null
2025-03-27 20:00:37.055 +01:00 [INF] Request finished HTTP/2 GET https://localhost:5271/index.html - 200 null text/html;charset=utf-8 179.1065ms
2025-03-27 20:00:37.077 +01:00 [INF] Request finished HTTP/2 GET https://localhost:5271/_framework/aspnetcore-browser-refresh.js - 200 16497 application/javascript; charset=utf-8 34.328ms
2025-03-27 20:00:37.084 +01:00 [INF] HTTP GET /index.js responded 200 in 1.2924 ms
2025-03-27 20:00:37.089 +01:00 [INF] Request finished HTTP/2 GET https://localhost:5271/index.js - 200 null application/javascript;charset=utf-8 45.9877ms
2025-03-27 20:00:37.096 +01:00 [INF] Request finished HTTP/2 GET https://localhost:5271/_vs/browserLink - 200 null text/javascript; charset=UTF-8 52.8143ms
2025-03-27 20:00:37.197 +01:00 [INF] Request starting HTTP/2 GET https://localhost:5271/swagger/v1/swagger.json - null null
2025-03-27 20:00:37.239 +01:00 [INF] HTTP GET /swagger/v1/swagger.json responded 200 in 32.1153 ms
2025-03-27 20:00:37.248 +01:00 [INF] Request finished HTTP/2 GET https://localhost:5271/swagger/v1/swagger.json - 200 null application/json;charset=utf-8 50.955ms
2025-03-27 20:00:44.033 +01:00 [INF] Request starting HTTP/1.1 POST https://localhost:5271/api/dynamicquery/filter/Warehouse - application/json 197
2025-03-27 20:00:44.056 +01:00 [INF] Executing endpoint 'WebAPI.Controllers.DynamicQueryController.FilterEntities (WebAPI)'
2025-03-27 20:00:44.076 +01:00 [INF] Route matched with {action = "FilterEntities", controller = "DynamicQuery"}. Executing controller action with signature System.Threading.Tasks.Task`1[Microsoft.AspNetCore.Mvc.IActionResult] FilterEntities(System.String, WHS.Application.Common.Queries.DynamicQuery) on controller WebAPI.Controllers.DynamicQueryController (WebAPI).
2025-03-27 20:02:49.395 +01:00 [INF] User profile is available. Using 'C:\Users\HCES\AppData\Local\ASP.NET\DataProtection-Keys' as key repository and Windows DPAPI to encrypt keys at rest.
2025-03-27 20:02:49.792 +01:00 [INF] Now listening on: https://localhost:5271
2025-03-27 20:02:49.831 +01:00 [INF] Application started. Press Ctrl+C to shut down.
2025-03-27 20:02:49.833 +01:00 [INF] Hosting environment: Development
2025-03-27 20:02:49.835 +01:00 [INF] Content root path: C:\Asp.Net_Project\WarehouseApp\WHS\src\WebAPI
2025-03-27 20:02:50.286 +01:00 [INF] Request starting HTTP/2 GET https://localhost:5271/index.html - null null
2025-03-27 20:02:50.418 +01:00 [INF] HTTP GET /index.html responded 200 in 35.6127 ms
2025-03-27 20:02:50.438 +01:00 [INF] Request starting HTTP/2 GET https://localhost:5271/index.js - null null
2025-03-27 20:02:50.438 +01:00 [INF] Request starting HTTP/2 GET https://localhost:5271/_vs/browserLink - null null
2025-03-27 20:02:50.438 +01:00 [INF] Request starting HTTP/2 GET https://localhost:5271/_framework/aspnetcore-browser-refresh.js - null null
2025-03-27 20:02:50.440 +01:00 [INF] Request finished HTTP/2 GET https://localhost:5271/index.html - 200 null text/html;charset=utf-8 156.7195ms
2025-03-27 20:02:50.449 +01:00 [INF] HTTP GET /index.js responded 200 in 0.8297 ms
2025-03-27 20:02:50.464 +01:00 [INF] Request finished HTTP/2 GET https://localhost:5271/index.js - 200 null application/javascript;charset=utf-8 27.2594ms
2025-03-27 20:02:50.480 +01:00 [INF] Request finished HTTP/2 GET https://localhost:5271/_framework/aspnetcore-browser-refresh.js - 200 16497 application/javascript; charset=utf-8 42.9852ms
2025-03-27 20:02:50.493 +01:00 [INF] Request finished HTTP/2 GET https://localhost:5271/_vs/browserLink - 200 null text/javascript; charset=UTF-8 56.359ms
2025-03-27 20:02:50.582 +01:00 [INF] Request starting HTTP/2 GET https://localhost:5271/swagger/v1/swagger.json - null null
2025-03-27 20:02:50.613 +01:00 [INF] HTTP GET /swagger/v1/swagger.json responded 200 in 24.6436 ms
2025-03-27 20:02:50.617 +01:00 [INF] Request finished HTTP/2 GET https://localhost:5271/swagger/v1/swagger.json - 200 null application/json;charset=utf-8 34.7758ms
2025-03-27 20:02:53.600 +01:00 [INF] Request starting HTTP/1.1 POST https://localhost:5271/api/dynamicquery/filter/Warehouse - application/json 197
2025-03-27 20:02:53.625 +01:00 [INF] Executing endpoint 'WebAPI.Controllers.DynamicQueryController.FilterEntities (WebAPI)'
2025-03-27 20:02:53.640 +01:00 [INF] Route matched with {action = "FilterEntities", controller = "DynamicQuery"}. Executing controller action with signature System.Threading.Tasks.Task`1[Microsoft.AspNetCore.Mvc.IActionResult] FilterEntities(System.String, WHS.Application.Common.Queries.DynamicQuery) on controller WebAPI.Controllers.DynamicQueryController (WebAPI).
2025-03-27 20:02:53.931 +01:00 [INF] Executing ObjectResult, writing value of type 'System.String'.
2025-03-27 20:02:53.936 +01:00 [INF] Executed action WebAPI.Controllers.DynamicQueryController.FilterEntities (WebAPI) in 289.8913ms
2025-03-27 20:02:53.940 +01:00 [INF] Executed endpoint 'WebAPI.Controllers.DynamicQueryController.FilterEntities (WebAPI)'
2025-03-27 20:02:53.942 +01:00 [ERR] HTTP POST /api/dynamicquery/filter/Warehouse responded 500 in 335.5491 ms
2025-03-27 20:02:53.945 +01:00 [INF] Request finished HTTP/1.1 POST https://localhost:5271/api/dynamicquery/filter/Warehouse - 500 null text/plain; charset=utf-8 345.8505ms
2025-03-27 20:04:15.308 +01:00 [INF] User profile is available. Using 'C:\Users\HCES\AppData\Local\ASP.NET\DataProtection-Keys' as key repository and Windows DPAPI to encrypt keys at rest.
2025-03-27 20:04:15.706 +01:00 [INF] Now listening on: https://localhost:5271
2025-03-27 20:04:15.753 +01:00 [INF] Application started. Press Ctrl+C to shut down.
2025-03-27 20:04:15.755 +01:00 [INF] Hosting environment: Development
2025-03-27 20:04:15.757 +01:00 [INF] Content root path: C:\Asp.Net_Project\WarehouseApp\WHS\src\WebAPI
2025-03-27 20:04:16.278 +01:00 [INF] Request starting HTTP/2 GET https://localhost:5271/index.html - null null
2025-03-27 20:04:16.420 +01:00 [INF] HTTP GET /index.html responded 200 in 35.1426 ms
2025-03-27 20:04:16.437 +01:00 [INF] Request finished HTTP/2 GET https://localhost:5271/index.html - 200 null text/html;charset=utf-8 163.5282ms
2025-03-27 20:04:16.437 +01:00 [INF] Request starting HTTP/2 GET https://localhost:5271/_vs/browserLink - null null
2025-03-27 20:04:16.437 +01:00 [INF] Request starting HTTP/2 GET https://localhost:5271/_framework/aspnetcore-browser-refresh.js - null null
2025-03-27 20:04:16.437 +01:00 [INF] Request starting HTTP/2 GET https://localhost:5271/index.js - null null
2025-03-27 20:04:16.471 +01:00 [INF] Request finished HTTP/2 GET https://localhost:5271/_framework/aspnetcore-browser-refresh.js - 200 16497 application/javascript; charset=utf-8 34.7114ms
2025-03-27 20:04:16.472 +01:00 [INF] HTTP GET /index.js responded 200 in 0.9932 ms
2025-03-27 20:04:16.481 +01:00 [INF] Request finished HTTP/2 GET https://localhost:5271/index.js - 200 null application/javascript;charset=utf-8 45.0492ms
2025-03-27 20:04:16.487 +01:00 [INF] Request finished HTTP/2 GET https://localhost:5271/_vs/browserLink - 200 null text/javascript; charset=UTF-8 50.5338ms
2025-03-27 20:04:16.590 +01:00 [INF] Request starting HTTP/2 GET https://localhost:5271/swagger/v1/swagger.json - null null
2025-03-27 20:04:16.632 +01:00 [INF] HTTP GET /swagger/v1/swagger.json responded 200 in 32.9819 ms
2025-03-27 20:04:16.638 +01:00 [INF] Request finished HTTP/2 GET https://localhost:5271/swagger/v1/swagger.json - 200 null application/json;charset=utf-8 48.0223ms
2025-03-27 20:04:21.318 +01:00 [INF] Request starting HTTP/1.1 POST https://localhost:5271/api/dynamicquery/filter/Warehouse - application/json 197
2025-03-27 20:04:21.339 +01:00 [INF] Executing endpoint 'WebAPI.Controllers.DynamicQueryController.FilterEntities (WebAPI)'
2025-03-27 20:04:21.354 +01:00 [INF] Route matched with {action = "FilterEntities", controller = "DynamicQuery"}. Executing controller action with signature System.Threading.Tasks.Task`1[Microsoft.AspNetCore.Mvc.IActionResult] FilterEntities(System.String, WHS.Application.Common.Queries.DynamicQuery) on controller WebAPI.Controllers.DynamicQueryController (WebAPI).
2025-03-27 20:06:12.925 +01:00 [INF] User profile is available. Using 'C:\Users\HCES\AppData\Local\ASP.NET\DataProtection-Keys' as key repository and Windows DPAPI to encrypt keys at rest.
2025-03-27 20:06:13.286 +01:00 [INF] Now listening on: https://localhost:5271
2025-03-27 20:06:13.345 +01:00 [INF] Application started. Press Ctrl+C to shut down.
2025-03-27 20:06:13.349 +01:00 [INF] Hosting environment: Development
2025-03-27 20:06:13.353 +01:00 [INF] Content root path: C:\Asp.Net_Project\WarehouseApp\WHS\src\WebAPI
2025-03-27 20:06:14.105 +01:00 [INF] Request starting HTTP/2 GET https://localhost:5271/index.html - null null
2025-03-27 20:06:14.258 +01:00 [INF] HTTP GET /index.html responded 200 in 35.5963 ms
2025-03-27 20:06:14.271 +01:00 [INF] Request finished HTTP/2 GET https://localhost:5271/index.html - 200 null text/html;charset=utf-8 170.9781ms
2025-03-27 20:06:14.279 +01:00 [INF] Request starting HTTP/2 GET https://localhost:5271/_framework/aspnetcore-browser-refresh.js - null null
2025-03-27 20:06:14.279 +01:00 [INF] Request starting HTTP/2 GET https://localhost:5271/_vs/browserLink - null null
2025-03-27 20:06:14.279 +01:00 [INF] Request starting HTTP/2 GET https://localhost:5271/index.js - null null
2025-03-27 20:06:14.306 +01:00 [INF] Request finished HTTP/2 GET https://localhost:5271/_framework/aspnetcore-browser-refresh.js - 200 16497 application/javascript; charset=utf-8 28.1538ms
2025-03-27 20:06:14.317 +01:00 [INF] HTTP GET /index.js responded 200 in 1.2277 ms
2025-03-27 20:06:14.322 +01:00 [INF] Request finished HTTP/2 GET https://localhost:5271/index.js - 200 null application/javascript;charset=utf-8 44.0465ms
2025-03-27 20:06:14.332 +01:00 [INF] Request finished HTTP/2 GET https://localhost:5271/_vs/browserLink - 200 null text/javascript; charset=UTF-8 54.3775ms
2025-03-27 20:06:14.362 +01:00 [INF] Request starting HTTP/2 GET https://localhost:5271/swagger/v1/swagger.json - null null
2025-03-27 20:06:14.392 +01:00 [INF] HTTP GET /swagger/v1/swagger.json responded 200 in 22.7900 ms
2025-03-27 20:06:14.397 +01:00 [INF] Request finished HTTP/2 GET https://localhost:5271/swagger/v1/swagger.json - 200 null application/json;charset=utf-8 34.1539ms
2025-03-27 20:06:18.983 +01:00 [INF] Request starting HTTP/1.1 POST https://localhost:5271/api/dynamicquery/filter/Warehouse - application/json 197
2025-03-27 20:06:19.005 +01:00 [INF] Executing endpoint 'WebAPI.Controllers.DynamicQueryController.FilterEntities (WebAPI)'
2025-03-27 20:06:19.020 +01:00 [INF] Route matched with {action = "FilterEntities", controller = "DynamicQuery"}. Executing controller action with signature System.Threading.Tasks.Task`1[Microsoft.AspNetCore.Mvc.IActionResult] FilterEntities(System.String, WHS.Application.Common.Queries.DynamicQuery) on controller WebAPI.Controllers.DynamicQueryController (WebAPI).
2025-03-27 20:59:14.170 +01:00 [INF] User profile is available. Using 'C:\Users\HCES\AppData\Local\ASP.NET\DataProtection-Keys' as key repository and Windows DPAPI to encrypt keys at rest.
2025-03-27 20:59:14.598 +01:00 [INF] Now listening on: https://localhost:5271
2025-03-27 20:59:14.653 +01:00 [INF] Application started. Press Ctrl+C to shut down.
2025-03-27 20:59:14.656 +01:00 [INF] Hosting environment: Development
2025-03-27 20:59:14.659 +01:00 [INF] Content root path: C:\Asp.Net_Project\WarehouseApp\WHS\src\WebAPI
2025-03-27 20:59:15.127 +01:00 [INF] Request starting HTTP/2 GET https://localhost:5271/index.html - null null
2025-03-27 20:59:15.279 +01:00 [INF] HTTP GET /index.html responded 200 in 37.7824 ms
2025-03-27 20:59:15.292 +01:00 [INF] Request finished HTTP/2 GET https://localhost:5271/index.html - 200 null text/html;charset=utf-8 169.236ms
2025-03-27 20:59:15.293 +01:00 [INF] Request starting HTTP/2 GET https://localhost:5271/index.js - null null
2025-03-27 20:59:15.293 +01:00 [INF] Request starting HTTP/2 GET https://localhost:5271/_framework/aspnetcore-browser-refresh.js - null null
2025-03-27 20:59:15.294 +01:00 [INF] Request starting HTTP/2 GET https://localhost:5271/_vs/browserLink - null null
2025-03-27 20:59:15.310 +01:00 [INF] HTTP GET /index.js responded 200 in 0.7751 ms
2025-03-27 20:59:15.351 +01:00 [INF] Request finished HTTP/2 GET https://localhost:5271/_framework/aspnetcore-browser-refresh.js - 200 16497 application/javascript; charset=utf-8 58.5408ms
2025-03-27 20:59:15.352 +01:00 [INF] Request finished HTTP/2 GET https://localhost:5271/index.js - 200 null application/javascript;charset=utf-8 59.3336ms
2025-03-27 20:59:15.372 +01:00 [INF] Request finished HTTP/2 GET https://localhost:5271/_vs/browserLink - 200 null text/javascript; charset=UTF-8 77.6891ms
2025-03-27 20:59:15.401 +01:00 [INF] Request starting HTTP/2 GET https://localhost:5271/swagger/v1/swagger.json - null null
2025-03-27 20:59:15.434 +01:00 [INF] HTTP GET /swagger/v1/swagger.json responded 200 in 23.9061 ms
2025-03-27 20:59:15.440 +01:00 [INF] Request finished HTTP/2 GET https://localhost:5271/swagger/v1/swagger.json - 200 null application/json;charset=utf-8 38.9116ms
2025-03-27 20:59:24.437 +01:00 [INF] Request starting HTTP/1.1 POST https://localhost:5271/api/dynamicquery/filter/Warehouse - application/json 197
2025-03-27 20:59:24.461 +01:00 [INF] Executing endpoint 'WebAPI.Controllers.DynamicQueryController.FilterEntities (WebAPI)'
2025-03-27 20:59:24.478 +01:00 [INF] Route matched with {action = "FilterEntities", controller = "DynamicQuery"}. Executing controller action with signature System.Threading.Tasks.Task`1[Microsoft.AspNetCore.Mvc.IActionResult] FilterEntities(System.String, WHS.Application.Common.Queries.DynamicQuery) on controller WebAPI.Controllers.DynamicQueryController (WebAPI).
